product_price,product_rating,mrp,company,country,discount_pct,review_count,availability_status,language,writer,format,comic title
899,2.3,1758.0,Marvel,United States,48.0,3,low_stock,English,Hickman Jonathan,paperback,X-Men: Hellfire Gala
1178,0.0,1316.0,Marvel,United States,10.0,0,low_stock,English,Dbg,paperback,World of Reading Avengers Boxed Set
617,0.0,822.0,Marvel,United States,24.0,0,low_stock,English,Berrios Frank,hardcover,Trapped by the Green Goblin! (Marvel: Spider-Man)
522,3.9,699.0,Marvel,United States,25.0,8,low_stock,English,Dk,hardcover,Marvel Avengers The Ultimate Character Guide New Editio...
899,5.0,1949.0,Marvel,United States,53.0,3,low_stock,English,Aaron Jason,paperback,Avengers By Jason Aaron Vol. 9
1999,4.7,4171.0,Marvel,United States,52.0,138,low_stock,English,Harras Bob,paperback,Avengers Epic Collection: Taking A.I.M.
10550,0.0,16416.0,Marvel,United States,35.0,0,low_stock,English,Unknown,hardcover,Star Wars Legends: The Empire Omnibus Vol. 2
299,4.7,850.0,Marvel,United States,38.0,138,low_stock,English,March Julia,hardcover,Marvel Black Panther Wakanda Forever!
383,0.0,550.0,Marvel,United States,30.0,0,low_stock,English,Knox Kelly,hardcover,Marvel Studios Be More Spider-Man
2084,0.0,3499.0,Marvel,United States,40.0,0,low_stock,English,Conway Gerry,paperback,Daredevil Epic Collection: Going Out West
1818,0.0,5499.0,Marvel,United States,66.0,0,low_stock,English,Roussos Eleni,hardcover,Marvel's Captain Marvel: The Art of the Movie
3344,0.0,3800.0,Marvel,United States,12.0,0,low_stock,English,Unknown,hardcover,The Marvel Art Of Marko Djurdjevic
2356,0.0,3275.0,Marvel,United States,28.0,0,low_stock,English,Hudlin Reginald,paperback,Black Panther: The Saga of Shuri & T'Challa
1848,0.0,2399.0,Marvel,United States,22.0,0,low_stock,English,Waid Mark,paperback,Black Widow by Waid & Samnee: The Complete Collection
1828,0.0,3499.0,Marvel,United States,47.0,0,low_stock,English,Haynes Fred,paperback,Iron Man Epic Collection: In The Hands of Evil
2038,0.0,2850.0,Marvel,United States,28.0,0,low_stock,English,Thompson Kelly,paperback,Captain Marvel By Kelly Thompson Vol. 1
7407,0.0,9999.0,Marvel,United States,25.0,0,low_stock,English,Moench Doug,hardcover,Shang-Chi: Master of Kung-Fu Omnibus Vol. 3
1818,0.0,2995.0,Marvel,United States,39.0,0,low_stock,English,Zdarsky Chip,paperback,Spider-Man: Life Story - Extra!
1300,0.0,1625.0,Marvel,United States,20.0,0,low_stock,English,Thompson Kelly,paperback,Jessica Jones: Purple Daughter
7559,0.0,9999.0,Marvel,United States,24.0,0,low_stock,English,Claremont Chris,hardcover,Marvel Universe By Chris Claremont
2226,0.0,3099.0,Marvel,United States,28.0,0,low_stock,English,Stern Roger,paperback,Avengers Epic Collection: Judgment Day
2631,0.0,3699.0,Marvel,United States,28.0,0,low_stock,English,Moench Doug,paperback,Moon Knight Epic Collection: Shadows Of The Moon
7453,0.0,9999.0,Marvel,United States,25.0,0,low_stock,English,Tomlinson John,hardcover,Knights Of Pendragon Omnibus
1279,0.0,2364.0,Marvel,United States,45.0,0,low_stock,English,Pak Greg,paperback,Aero & Sword Master: Origins And Odysseys
1269,0.0,1475.0,Marvel,United States,13.0,0,promotion,English,Ahmed Saladin,paperback,Exiles Vol. 2: The Trial of The Exiles
1773,0.0,2850.0,Marvel,United States,37.0,0,low_stock,English,Coates Ta Nehisi,hardcover,Black Panther Vol. 2: Avengers of the New World
1300,0.0,1625.0,Marvel,United States,20.0,0,low_stock,English,Various Zeb,paperback,Trials Of X Vol. 10
1164,0.0,1299.0,Marvel,United States,10.0,0,low_stock,English,Whitley Jeremy,paperback,The Unstoppable Wasp: Unlimited Vol. 2
2283,0.0,2850.0,Marvel,United States,19.0,0,low_stock,English,Liss David,paperback,Black Panther: The Man Without Fear - The Complete Coll...
7453,0.0,9999.0,Marvel,United States,25.0,0,low_stock,English,Schultz Mark,hardcover,Aliens: The Original Years Omnibus Vol. 3
2890,0.0,5899.0,Marvel,United States,51.0,0,promotion,English,Gillen Kieron,hardcover,Young Avengers by Kieron Gillen & Jamie McKelvie Omnibu...
2550,0.0,3699.0,Marvel,United States,31.0,0,low_stock,English,Nicieza Fabian,paperback,X-Men Epic Collection: Legacies
2576,0.0,3699.0,Marvel,United States,30.0,0,low_stock,English,Percy Benjamin,hardcover,X-Force by Benjamin Percy Vol. 2
1116,0.0,3975.0,Marvel,United States,71.0,0,low_stock,English,Hartley Ned,hardcover,Marvel Museum
6631,0.0,11999.0,Marvel,United States,44.0,0,low_stock,English,Aaron Jason,hardcover,Wolverine & the X-Men by Jason Aaron Omnibus
1279,0.0,1475.0,Marvel,United States,13.0,0,low_stock,English,Duggan Gerry,paperback,X-Men by Gerry Duggan Vol. 1
1277,0.0,1475.0,Marvel,United States,13.0,0,low_stock,English,Slott Dan,paperback,Fantastic Four By Dan Slott Vol. 5: Point Of Origin
8816,0.0,10500.0,Marvel,United States,16.0,0,low_stock,English,Diggle Andy,hardcover,DAREDEVIL: SHADOWLAND OMNIBUS CASSADAY COVER [NEW PRINT...
2363,0.0,3275.0,Marvel,United States,27.0,0,low_stock,English,Lee Stan,paperback,Sgt. Fury Epic Collection: Berlin Breakout
1152,0.0,1299.0,Marvel,United States,11.0,0,low_stock,English,Marvel Comics,paperback,Weirdworld: The Dragonmaster of Klarn
3430,0.0,3937.0,Marvel,United States,12.0,0,low_stock,English,Busiek Kurt,paperback,Thunderbolts Epic Collection: Wanted Dead or Alive
1244,0.0,1499.0,Marvel,United States,17.0,0,low_stock,English,Mackay Jed,paperback,Phases of The Moon Knight
1544,0.0,1899.0,Marvel,United States,18.0,0,low_stock,English,Coates Ta Nehisi,hardcover,Captain America by Ta-Nehisi Coates Vol. 1
2603,0.0,3499.0,Marvel,United States,25.0,0,low_stock,English,Claremont Chris,paperback,"X-men Epic Collection: I, Magneto"
2981,0.0,4887.0,Marvel,United States,39.0,0,low_stock,English,Chichester D.G.,paperback,Daredevil Epic Collection: Into The Fire
2880,0.0,4099.0,Marvel,United States,29.0,0,low_stock,English,Claremont Chris,paperback,New Mutants Epic Collection: Asgardian Wars
1154,0.0,1299.0,Marvel,United States,11.0,0,low_stock,English,Gillen Kieron,paperback,Immortal X-Men by Kieron Gillen Vol. 3
2295,0.0,3100.0,Marvel,United States,25.0,0,low_stock,English,Wolfman Marv,paperback,Tomb Of Dracula: The Complete Collection Vol. 5
1164,0.0,1299.0,Marvel,United States,10.0,0,in_stock,English,Gage Christos,paperback,Mech Strike: Monster Hunters
473,0.0,584.0,Marvel,United States,19.0,0,in_stock,English,Disney Book Group,hardcover,The Incredible Hulk
221,0.0,259.0,Marvel,United States,14.0,0,in_stock,English,Behling Steve,paperback,The Amazing Spider-Man vs. Green Goblin
1613,0.0,2784.0,Marvel,United States,42.0,0,in_stock,English,Brubaker Ed,paperback,Uncanny X-Men: The Rise and Fall of the Shi'ar Empire
3190,0.0,4099.0,Marvel,United States,22.0,0,in_stock,English,Starlin Jim,hardcover,Warlock By Jim Starlin Gallery Edition
950,0.0,1299.0,Marvel,United States,26.0,0,in_stock,English,Thompson Kelly,paperback,Black Widow by Kelly Thompson Vol. 1: The Ties That Bin...
514,0.0,559.0,Marvel,United States,8.0,0,in_stock,English,Angleberger Tom,paperback,Rocket and Groot: Stranded on Planet Strip Mall!
1152,0.0,1299.0,Marvel,United States,11.0,0,promotion,English,Wong Alyssa,paperback,Iron Fist: The Shattered Sword
2901,0.0,3799.0,Marvel,United States,23.0,0,in_stock,English,Tieri Frank,paperback,Wolverine Epic Collection: Law of The Jungle
191,0.0,259.0,Marvel,United States,26.0,0,in_stock,English,Disney Book Group,paperback,Captain America the First Avenger: The Hydra Files
3208,0.0,4250.0,Marvel,United States,24.0,0,in_stock,English,Liefeld Rob,hardcover,Deadpool: Bad/Badder Blood
1295,0.0,1499.0,Marvel,United States,13.0,0,in_stock,English,Pirzada Sabir,paperback,Cult of Carnage: Misery
191,0.0,259.0,Marvel,United States,26.0,0,in_stock,English,Rudnick Elizabeth,paperback,Thor's Revenge
191,0.0,259.0,Marvel,United States,26.0,0,in_stock,English,Rudnick Elizabeth,paperback,From Asgard to Earth
5773,0.0,12572.0,Marvel,United States,54.0,0,in_stock,English,Alixe Pascal,hardcover,Captain America by Rick Remender Omnibus
258,0.0,259.0,Marvel,United States,4.0,0,in_stock,English,Siglain Michael,paperback,Ultimate Spider-Man Great Power
3390,0.0,4799.0,Marvel,United States,29.0,0,in_stock,English,Harrold Jess,hardcover,Marvel Studios' The Marvels: The Art of The Movie
1569,0.0,2613.0,Marvel,United States,39.0,0,in_stock,English,Blas Terry,paperback,Marvel's Voices: Community
448,0.0,999.0,Marvel,United States,55.0,0,in_stock,English,Gerry Duggan Juan Frigeri Bryan Vlenza,paperback,The invincible Iron-Man first issue Comic with fully gl...
630,0.0,1190.0,Marvel,United States,47.0,0,in_stock,English,Point Black Marie Jevins,paperback,X-Man Unlimited 64 Pages | Glossy Look Pages | Point Bl...
2882,0.0,4099.0,Marvel,United States,29.0,0,in_stock,English,Unknown,hardcover,The Marvel Art Of Star Wars
439,0.0,454.0,Marvel,United States,3.0,0,in_stock,English,Rudnick Elizabeth,paperback,Thor Movie Storybook
4203,0.0,4300.0,Marvel,United States,2.0,0,in_stock,English,Wolfman Marv,paperback,Fantastic Four Epic Collection: Four No More
5845,0.0,6450.0,Marvel,United States,9.0,0,in_stock,English,Lee Stan,hardcover,Marvel Masterworks: The Fantastic Four Vol. 3 (Remaster...
753,0.0,908.0,Marvel,United States,17.0,0,in_stock,English,Scott Melanie,paperback,Marvel Can The Hulk Lift a House
2007,0.0,2120.0,Marvel,United States,5.0,0,in_stock,English,Mackay Jed,paperback,Moon Knight Vol. 5: The Last Days of Moon Knight
1152,0.0,1299.0,Marvel,United States,11.0,0,in_stock,English,Seeley Tim,paperback,Age Of X-Man: Apocalypse & The X-Tracts
1660,0.0,3440.0,Marvel,United States,2.0,0,in_stock,English,Gillen Kieron,paperback,Star Wars: Darth Vader Volume 1 - Vader
2356,0.0,4077.0,Marvel,United States,42.0,0,in_stock,English,Aaron Jason,hardcover,Thor By Jason Aaron Vol. 5
2631,0.0,4776.0,Marvel,United States,44.0,0,in_stock,English,Englehart Steve,paperback,Atlantis Attacks: The Complete Collection
2631,0.0,3599.0,Marvel,United States,26.0,0,in_stock,English,Stern Roger,paperback,Spider-Man: The Gauntlet - The Complete Collection Vol....
3320,0.0,3848.0,Marvel,United States,13.0,0,in_stock,English,Thomas Roy,hardcover,The Marvel Vault
2070,0.0,4469.0,Marvel,United States,53.0,0,in_stock,English,Bisson Ed,hardcover,Uncanny X-Men Vol. 1: X-Men Disassembled
2356,0.0,4008.0,Marvel,United States,41.0,0,in_stock,English,Englehart Steve,paperback,Vision & The Scarlet Witch - The Saga Of Wanda And Visi...
1994,4.8,2888.0,Marvel,United States,30.0,6,promotion,English,Camp Deniz,paperback,Ultimates by Deniz Camp Vol. 1: Fix The World
1300,0.0,1625.0,Marvel,United States,20.0,0,in_stock,English,Thompson Kelly,paperback,Jessica Jones: Blind Spot
1152,0.0,1299.0,Marvel,United States,11.0,0,in_stock,English,Gischler Victor,paperback,Spirits of Vengeance: War at The Gates of Hell
1152,0.0,1299.0,Marvel,United States,11.0,0,in_stock,English,Guggenheim Marc,paperback,X-Men Gold Vol. 5: Cruel and Unusual
2629,0.0,4573.0,Marvel,United States,42.0,0,in_stock,English,Marvel Comics,paperback,Luke Cage Epic Collection: The Fire This Time
1164,0.0,1689.0,Marvel,United States,31.0,0,in_stock,English,Abnett Dan,paperback,Groot: Uprooted
709,0.0,799.0,Marvel,United States,11.0,0,in_stock,English,Young Skottie,paperback,Marvel-verse: Rocket & Groot
1390,0.0,1919.0,Marvel,United States,27.0,0,in_stock,English,Barnes Rodney,paperback,Star Wars: Inquisitors
2691,0.0,2869.0,Marvel,United States,6.0,0,in_stock,English,Thompson Kelly,paperback,Black Widow by Kelly Thompson
6296,0.0,6650.0,Marvel,United States,5.0,0,in_stock,English,Lee Stan,hardcover,Marvel Masterworks: The X-Men Vol. 2
6889,0.0,13300.0,Marvel,United States,48.0,0,in_stock,English,Deconnick Kelly Sue,hardcover,Captain Marvel By Kelly Sue Deconnick Omnibus
2629,0.0,3599.0,Marvel,United States,26.0,0,in_stock,English,Simonson Walt,paperback,Acts of Vengeance: Marvel Universe
2943,0.0,4099.0,Marvel,United States,28.0,0,in_stock,English,Unknown,hardcover,The Marvel Art of Joe Quesada - Expanded Edition
2498,0.0,3499.0,Marvel,United States,28.0,0,in_stock,English,Dwyer Kieron,paperback,Captain America Epic Collection: The Bloodstone Hunt
1300,0.0,1625.0,Marvel,United States,20.0,0,in_stock,English,Coates Ta Nehisi,paperback,Captain America by Ta-Nehisi Coates Vol. 3: The Legend ...
1277,0.0,1475.0,Marvel,United States,13.0,0,promotion,English,Coates Ta Nehisi,paperback,Black Panther and the Crew: We are the Streets
755,0.0,950.0,Marvel,United States,20.0,0,in_stock,English,Insight Insight Editions,hardcover,Marvel: The Tiny Book of Scarlet Witch and Vision
1269,0.0,1450.0,Marvel,United States,12.0,0,in_stock,English,Kim Emily,paperback,Spider-Gwen: Shadow Clones
1279,0.0,1475.0,Marvel,United States,13.0,0,in_stock,English,Seeley Tim,paperback,Spider-gwen: Gwenverse
1303,0.0,1873.0,Marvel,United States,30.0,0,in_stock,English,Percy Benjamin,paperback,Reign of X Vol. 7
1152,0.0,1299.0,Marvel,United States,11.0,0,in_stock,English,Rosenberg Matthew,paperback,War Of The Realms: Uncanny X-Men
1330,0.0,1759.0,Marvel,United States,24.0,0,in_stock,English,Ahmed Saladin,paperback,Ms. Marvel by Saladin Ahmed Vol. 2: Stormranger
1304,0.0,1625.0,Marvel,United States,19.0,0,in_stock,English,Unknown,paperback,Marvel Monograph: The Art of Adi Granov
2103,0.0,2850.0,Marvel,United States,26.0,0,in_stock,English,Coates Ta Nehisi,hardcover,Black Panther Vol. 1: A Nation Under Our Feet
1532,0.0,1999.0,Marvel,United States,23.0,0,in_stock,English,Remender Rick,paperback,Captain America: The Saga of Sam Wilson
4164,0.0,5999.0,Marvel,United States,30.0,0,in_stock,English,Moench Doug,hardcover,Marvel Masterworks: Ka-Zar Vol. 4
1164,0.0,1700.0,Marvel,United States,31.0,0,in_stock,English,Lanzing Jackson,paperback,Captain America: Cold War Aftermath
6640,0.0,12500.0,Marvel,United States,46.0,0,in_stock,English,Slott Dan,hardcover,Spider-Verse/Spider-Geddon Omnibus
1279,0.0,1475.0,Marvel,United States,13.0,0,in_stock,English,Wells Zeb,paperback,Reign Of X Vol. 9
1279,0.0,1475.0,Marvel,United States,13.0,0,in_stock,English,Ewing Al,paperback,Reign of X Vol. 6
1267,0.0,2003.0,Marvel,United States,36.0,0,in_stock,English,Howard Tini,paperback,X-Corp by Tini Howard Vol. 1
1586,5.0,2519.0,Marvel,United States,37.0,1,promotion,English,Aaron Jason,paperback,Punisher Vol. 1
1525,0.0,3260.0,Marvel,United States,53.0,0,in_stock,English,Vaughan Brian K,hardcover,Runaways: Pride & Joy Marvel Select Edition
1369,0.0,1599.0,Marvel,United States,14.0,0,in_stock,English,Rowell Rainbow,paperback,Runaways by Rainbow Rowell Vol. 5: Cannon Fodder
1840,0.0,2450.0,Marvel,United States,24.0,0,in_stock,English,Harrold Jess,hardcover,Black Panther: Visions of Wakanda
1558,0.0,2050.0,Marvel,United States,24.0,0,in_stock,English,Mantlo Bill,paperback,Decades: Marvel in the 70s - Legion of Monsters
1525,0.0,2050.0,Marvel,United States,25.0,0,in_stock,English,Cates Donny,paperback,Guardians of the Galaxy by Donny Cates Vol. 2: Faithles...
1279,0.0,1475.0,Marvel,United States,13.0,0,in_stock,English,Grace Sina,paperback,Iceman Vol. 3: Amazing Friends
1369,0.0,1951.0,Marvel,United States,29.0,0,in_stock,English,Orlando Steve,paperback,Spider-Man 2099: Exodus
8218,0.0,10599.0,Marvel,United States,22.0,0,in_stock,English,Bendis Brian Michael,hardcover,Miles Morales: Spider-Man Omnibus Vol. 1
2873,0.0,4099.0,Marvel,United States,29.0,0,in_stock,English,Marvel Comics,paperback,Daredevil Epic Collection: A Woman Called Widow (New Pr...
611,3.0,822.0,Marvel,United States,25.0,2,in_stock,English,Wrecks Billy,hardcover,The Courageous Captain America (Marvel: Captain America...
2791,0.0,4846.0,Marvel,United States,42.0,0,in_stock,English,Forbeck Matt,hardcover,Marvel Multiverse Role-playing Game: The Cataclysm Of K...
1322,0.0,1475.0,Marvel,United States,10.0,0,in_stock,English,Duggan Gerry,paperback,Punisher Kill Krew
6343,0.0,8400.0,Marvel,United States,24.0,0,in_stock,English,Claremont Chris,hardcover,House of M Omnibus Companion
1361,0.0,1599.0,Marvel,United States,14.0,0,in_stock,English,Cantwell Christopher,paperback,Hellcat
1297,0.0,1625.0,Marvel,United States,20.0,0,in_stock,English,Ross Alex,paperback,Marvel
2119,0.0,2901.0,Marvel,United States,26.0,0,in_stock,English,Various,paperback,Marvel Platinum: The Definitive Eternals
1261,0.0,1613.0,Marvel,United States,21.0,0,in_stock,English,Bendis Brian Michael,paperback,Marvel Select Guardians of The Galaxy Team-Up!
1676,0.0,1682.0,Marvel,United States,27.0,0,in_stock,English,Marz Ron,paperback,Silver Surfer Rebirth: Legacy
2833,0.0,3999.0,Marvel,United States,29.0,0,in_stock,English,Marvel Various,paperback,Venom Epic Collection: The Hunger
7407,0.0,9999.0,Marvel,United States,25.0,0,in_stock,English,Goodwin Archie,hardcover,Shang-Chi: Master of Kung-Fu Omnibus Vol. 2
1611,0.0,2084.0,Marvel,United States,22.0,0,in_stock,English,Thompson Kelly,paperback,Captain Marvel Vol. 1: Re-Entry
3390,0.0,4799.0,Marvel,United States,29.0,0,in_stock,English,Harrold Jess,hardcover,Marvel Studios' Ant-Man & The Wasp: Quantumania - The A...
1295,0.0,1475.0,Marvel,United States,12.0,0,in_stock,English,Dematteis J. M.,paperback,Spider-Man: The Lost Hunt
7508,0.0,10250.0,Marvel,United States,26.0,0,in_stock,English,Zahn Timothy,hardcover,Star Wars Legends: The New Republic Omnibus Vol. 1
7453,0.0,9999.0,Marvel,United States,25.0,0,in_stock,English,Nicieza Fabian,hardcover,New Warriors Classic Omnibus Vol. 2
6426,0.0,8199.0,Marvel,United States,21.0,0,in_stock,English,Spencer Nick,hardcover,Captain America By Nick Spencer Omnibus Vol. 1
1563,0.0,2050.0,Marvel,United States,23.0,0,in_stock,English,Slott Dan,paperback,Spider-Man Vol. 1: End of The Spider-Verse
7754,0.0,10250.0,Marvel,United States,24.0,0,in_stock,English,David Peter,hardcover,Wolverine Omnibus Vol. 2
1168,0.0,1350.0,Marvel,United States,13.0,0,in_stock,English,Zdarsky Chip,paperback,Daredevil by Chip Zdarsky Vol. 1: Know Fear
4088,0.0,5999.0,Marvel,United States,31.0,0,in_stock,English,Dematteis J.M.,hardcover,Marvel Masterworks: Captain America Vol. 16
5964,0.0,8199.0,Marvel,United States,27.0,0,in_stock,English,Moench Doug,hardcover,Planet Of The Apes Adventures: The Original Marvel Year...
4387,0.0,5999.0,Marvel,United States,26.0,0,in_stock,English,Lee Stan,hardcover,Amazing Fantasy Omnibus
9704,0.0,12299.0,Marvel,United States,21.0,0,in_stock,English,Simon Joe,hardcover,Timely's Greatest: The Golden Age Simon & Kirby Omnibus
1269,0.0,1475.0,Marvel,United States,13.0,0,in_stock,English,Andrews Kaare,paperback,Amazing Fantasy
231,0.0,299.0,Marvel,United States,22.0,0,in_stock,English,Reynolds Nicole,hardcover,Marvel Who Is Captain Marvel
3413,0.0,3800.0,Marvel,United States,10.0,0,in_stock,English,Marvel Entertainment,hardcover,Marvel Comics Mini-Books
2725,0.0,3599.0,Marvel,United States,24.0,0,in_stock,English,Defalco Tom,paperback,Fantastic Four Epic Collection: Atlantis Rising
1279,0.0,1475.0,Marvel,United States,13.0,0,in_stock,English,Higgins Kyle,paperback,Darkhawk
4039,0.0,4899.0,Marvel,United States,17.0,0,in_stock,English,Marvel Comics,hardcover,Marvel Studios' Shang-chi And The Legend Of The Ten Rin...
2103,4.8,2799.0,Marvel,United States,24.0,19,in_stock,English,Reed Brian,paperback,Captain Marvel: Carol Danvers - The Ms. Marvel Years Vo...
1361,0.0,1599.0,Marvel,United States,14.0,0,in_stock,English,Lanzing Jackson,paperback,Captain America: Sentinel of Liberty Vol. 2 - The Invad...
1164,0.0,1299.0,Marvel,United States,10.0,0,in_stock,English,Lord Phil,paperback,Miles Morales Vol. 6: All Eyes On Me
1164,0.0,1299.0,Marvel,United States,10.0,0,in_stock,English,Pak Greg,paperback,King in Black: Atlantis Attacks
1361,0.0,1599.0,Marvel,United States,14.0,0,in_stock,English,Landy Derek,paperback,WEREWOLF BY NIGHT: UNHOLY ALLIANCE
2566,0.0,3599.0,Marvel,United States,28.0,0,in_stock,English,Blackman W. Haden,paperback,Star Wars Legends Epic Collection: The Empire Vol. 1 (N...
2816,0.0,3999.0,Marvel,United States,29.0,0,in_stock,English,Englehart Steve,paperback,Captain America Epic Collection: The Man Who Sold The U...
3094,0.0,4499.0,Marvel,United States,31.0,0,in_stock,English,Various Ann,paperback,Star Wars Legends Epic Collection: The Original Marvel ...
2880,0.0,5202.0,Marvel,United States,44.0,0,in_stock,English,Thomas Roy,paperback,Avengers Epic Collection: This Beachhead Earth
1298,0.0,1625.0,Marvel,United States,20.0,0,in_stock,English,Spurrier Si,paperback,Trials Of X Vol. 5
5524,0.0,8880.0,Marvel,United States,37.0,0,in_stock,English,Gerber Steve,hardcover,The Defenders Omnibus Vol. 2
924,0.0,975.0,Dc,United States,5.0,0,low_stock,English,Tomasi Peter J.,paperback,Super Sons Volume 3
9235,0.0,11999.0,Dc,United States,23.0,0,low_stock,English,Kirby Jack,hardcover,Fourth World by Jack Kirby Omnibus (New Printing)
1359,0.0,1599.0,Dc,United States,15.0,0,low_stock,English,Taylor Tom,paperback,DCeased: Dead Planet
864,0.0,1099.0,Dc,United States,21.0,0,low_stock,English,Cohen Ivan,paperback,Space Jam: A New Legacy
1816,0.0,2199.0,Dc,United States,17.0,0,low_stock,English,Wein Len,hardcover,DC Universe by Len Wein
2275,0.0,2899.0,Dc,United States,21.0,0,low_stock,English,Buccellato Brian,hardcover,Batman by Francis Manapul and Brian Buccellato: Deluxe ...
1359,0.0,2099.0,Dc,United States,35.0,0,low_stock,English,Iv James Tynion,hardcover,The Joker Vol. 1
1307,0.0,1899.0,Dc,United States,31.0,0,low_stock,English,Carey Mike,paperback,The Dollhouse Family
7715,0.0,9999.0,Dc,United States,22.0,0,low_stock,English,Carey Mike,hardcover,Lucifer Omnibus Volume 2
2009,4.3,2852.0,Dc,United States,29.0,6,low_stock,English,Moore Alan,paperback,V for Vendetta
1307,0.0,1399.0,Dc,United States,6.0,0,low_stock,English,Jones Joelle,paperback,Catwoman Volume 1
2099,0.0,2950.0,Dc,United States,28.0,0,low_stock,English,Buccellato Brian,paperback,Injustice: Gods Among Us Year Five- The Complete Collec...
2314,0.0,2452.0,Dc,United States,5.0,0,low_stock,English,Easton Brandon,hardcover,Mister Miracle: The Source of Freedom
1170,0.0,2428.0,Dc,United States,51.0,0,low_stock,English,Deconnick Kelly Sue,hardcover,Aquaman Volume 3
10930,5.0,12680.0,Dc,United States,13.0,3,low_stock,English,Azzarello Brian,hardcover,100 Bullets Omnibus Volume 1
1785,0.0,2816.0,Dc,United States,36.0,0,low_stock,English,Perez George,paperback,Wonder Woman by George Perez Vol. 6
1230,3.8,1399.0,Dc,United States,12.0,4,low_stock,English,Conway Gerry,paperback,The Suicide Squad Case Files 1
1000,4.3,1036.0,Dc,United States,3.0,8,low_stock,English,Azzarello Brian,paperback,100 Bullets Vol 08
1208,4.4,1299.0,Dc,United States,7.0,7,low_stock,English,Taylor Tom,paperback,Injustice: Gods Among Us Vol. 1
3394,0.0,4799.0,Dc,United States,29.0,0,low_stock,English,Bader Hilary J.,paperback,Batman Beyond: The Animated Series Classics Compendium ...
1369,0.0,1599.0,Dc,United States,14.0,0,low_stock,English,Aaron Jason,paperback,Batman: Joker's Asylum
1525,5.0,2465.0,Dc,United States,38.0,3,low_stock,English,Tamaki Mariko,hardcover,Batman: Detective Comics Vol. 3: Arkham Rising
1035,0.0,1699.0,Dc,United States,39.0,0,promotion,English,Moore Alan,paperback,Saga of the Swamp Thing Book One
7245,0.0,12750.0,Dc,United States,43.0,0,low_stock,English,Gaiman Neil,hardcover,The Sandman Omnibus Vol. 2
917,0.0,1199.0,Dc,United States,23.0,0,low_stock,English,Unknown,hardcover,DC Pride 2021
944,0.0,1199.0,Dc,United States,21.0,0,low_stock,English,Walls Jasmine,paperback,Vixen: NYC Volume Five
1019,0.0,1450.0,Dc,United States,29.0,0,low_stock,English,Russell Mark,paperback,Prez: Setting a Dangerous President
1818,0.0,2450.0,Dc,United States,25.0,0,low_stock,English,Hudlin Reginald,hardcover,Icon vs. Hardware
2735,0.0,3999.0,Dc,United States,31.0,0,low_stock,English,Gaiman Neil,hardcover,The Sandman: The Deluxe Edition Book Three
1719,4.8,2699.0,Dc,United States,36.0,9,low_stock,English,Willingham Bill,hardcover,Jack of Fables: The Deluxe Edition Book One
2889,0.0,4250.0,Dc,United States,32.0,0,low_stock,English,Loeb Jeph,hardcover,Batman: Hush 20th Anniversary Edition
895,0.0,1150.0,Dc,United States,22.0,0,low_stock,English,Lockhart E.,paperback,Whistle: A New Gotham City Hero
1588,0.0,2215.0,Dc,United States,28.0,0,low_stock,English,Ayala Vita,hardcover,Nubia & The Amazons
676,0.0,1134.0,Dc,United States,40.0,0,low_stock,English,Mccann Jesse Leon,paperback,Krypto the Superdog
1906,0.0,2399.0,Dc,United States,20.0,0,low_stock,English,King Tom,hardcover,Batman: Killing Time
1223,4.7,1899.0,Dc,United States,35.0,40,low_stock,English,Deconnick Kelly,paperback,Aquaman Volume 1: Unspoken Water
1531,0.0,1999.0,Dc,United States,23.0,0,low_stock,English,Cooke Darwyn,paperback,Before Watchmen: Minutemen/Silk Spectre
1525,4.7,1999.0,Dc,United States,23.0,13,low_stock,English,Unknown,hardcover,DC Comics: Generations
1610,0.0,2099.0,Dc,United States,23.0,0,low_stock,English,Starlin Jim,paperback,From the DC Vault: Death in the Family: Robin Lives!
1322,0.0,1699.0,Dc,United States,22.0,0,low_stock,English,Williamson Joshua,paperback,Green Arrow vol. 3: Against The Wall
2880,0.0,3999.0,Dc,United States,27.0,0,low_stock,English,Conway Gerry,hardcover,Legion of Super-Heroes: Before the Darkness Vol. 2
1230,5.0,1399.0,Dc,United States,12.0,3,low_stock,English,Axelrod Jadzia,paperback,Hawkgirl: Once Upon a Galaxy
1361,0.0,1599.0,Dc,United States,14.0,0,low_stock,English,Cloonan Becky,paperback,Batgirls Vol. 2
2312,0.0,3199.0,Dc,United States,27.0,0,low_stock,English,Waid Mark,hardcover,Knight Terrors: Terror Titans
1531,0.0,1999.0,Dc,United States,23.0,0,low_stock,English,Unknown,hardcover,Justice League Vol. 2
917,0.0,1199.0,Dc,United States,23.0,0,low_stock,English,Walls Jasmine,paperback,Vixen: NYC Volume Four
1369,0.0,1599.0,Dc,United States,14.0,0,low_stock,English,Moench Doug,hardcover,Batman/Spawn: The Classic Collection
1361,0.0,1599.0,Dc,United States,14.0,0,low_stock,English,Williamson Joshua,paperback,Batman and Robin Vol. 1: Father and Son
723,0.0,1199.0,Dc,United States,39.0,0,low_stock,English,Denise Mina,hardcover,The Girl With The Dragon Tattoo Book 2
1316,0.0,1599.0,Dc,United States,17.0,0,low_stock,English,Vaughan Brian K.,paperback,Y: The Last Man Book Two
1361,0.0,1599.0,Dc,United States,14.0,0,low_stock,English,Cloonan Becky,paperback,Batgirls Vol. 3: Girls to the Front
1608,0.0,1999.0,Dc,United States,19.0,0,low_stock,English,Johnson Daniel Warren,hardcover,The Jurassic League
1576,0.0,2636.0,Dc,United States,40.0,0,low_stock,English,Seeley Tim,hardcover,Superman Vs. Lobo
6247,0.0,7999.0,Dc,United States,21.0,0,in_stock,English,Snyder Scott,hardcover,Absolute Batman: Death of the Family
1230,0.0,1399.0,Dc,United States,12.0,0,in_stock,English,Axelrod Jadzia,paperback,Galaxy: The Prettiest Star
2162,0.0,2261.0,Dc,United States,4.0,0,in_stock,English,Waid Mark,hardcover,Batman/Superman: World's Finest Vol. 5: Secret Origins
1220,0.0,1399.0,Dc,United States,12.0,0,in_stock,English,Unknown,paperback,Sensational Wonder Woman
2248,0.0,4085.0,Dc,United States,44.0,0,in_stock,English,Jones Joelle,hardcover,Wonder Girl: Homecoming
788,0.0,1278.0,Dc,United States,38.0,0,in_stock,English,Unknown,paperback,Suicide Squad: Their Greatest Shots
1253,0.0,1303.0,Dc,United States,3.0,0,in_stock,English,Schmidt Andy,paperback,Crime Syndicate
1775,0.0,1875.0,Dc,United States,5.0,0,in_stock,English,Cantwell Chris,paperback,Batman: The Brave and the Bold Vol. 2
9634,0.0,10750.0,Dc,United States,10.0,0,in_stock,English,Johns Geoff,hardcover,Absolute Green Lantern: The Sinestro Corps War: (2025 E...
2654,0.0,2754.0,Dc,United States,3.0,0,in_stock,English,Jurgens Dan,paperback,Booster Gold: The Complete 2007 Series Book Two
1586,0.0,1687.0,Dc,United States,5.0,0,in_stock,English,Waid Mark,paperback,Brave & Bold Vol. 2 The Book of Destiny (2025 Edition)
9634,0.0,10750.0,Dc,United States,10.0,0,in_stock,English,Iv James Tynion,hardcover,Absolute Batman: Zero Year
3465,0.0,3565.0,Dc,United States,2.0,0,in_stock,English,Ostrander John,paperback,DC Finest: Suicide Squad: Trial by Fire
1230,0.0,1777.0,Dc,United States,30.0,0,in_stock,English,Thompson Robbie,paperback,War for Earth-3
1754,4.3,1999.0,Dc,United States,12.0,21,promotion,English,Wilson G. Willow,hardcover,Poison Ivy Vol. 3: Mourning Sickness
2301,0.0,3275.0,Dc,United States,29.0,0,in_stock,English,Williamson Joshuna,hardcover,Dark Crisis on Infinite Earths
1591,0.0,1999.0,Dc,United States,20.0,0,in_stock,English,Taylor Tom,hardcover,DCeased: Hope At World's End
1019,0.0,1450.0,Dc,United States,29.0,0,in_stock,English,Ukazu Ngozi,paperback,Barda
1897,0.0,2537.0,Dc,United States,25.0,0,in_stock,English,Jones Joelle,paperback,DC Poster Portfolio: Joelle Jones
705,0.0,799.0,Dc,United States,11.0,0,in_stock,English,Unknown,paperback,Supergirl Adventures: Girl of Steel
1361,0.0,1599.0,Dc,United States,14.0,0,in_stock,English,Moore Alan,paperback,Saga of the Swamp Thing Book Six
2368,0.0,3199.0,Dc,United States,25.0,0,in_stock,English,Garcia Kami,hardcover,Teen Titans: Raven and Beast Boy HC Box Set
1547,4.4,2626.0,Dc,United States,41.0,7,in_stock,English,Porter Kenny,hardcover,DC: Mech
1312,0.0,1650.0,Dc,United States,20.0,0,in_stock,English,Morrison Grant,hardcover,Wonder Woman: Earth One Volume 2
1713,0.0,1999.0,Dc,United States,14.0,0,in_stock,English,Morrison Grant,hardcover,Wonder Woman: Earth One Vol. 3
1525,0.0,2437.0,Dc,United States,37.0,0,in_stock,English,Castellucci Cecil,paperback,Batgirl Vol. 8: The Joker War
1307,0.0,1399.0,Dc,United States,6.0,0,in_stock,English,Jones Joelle,paperback,Catwoman Volume 1
1613,4.9,1882.0,Dc,United States,14.0,26,in_stock,English,Snyder Scott,paperback,The Joker: Death of the Family (The New 52)
1764,0.0,2399.0,Dc,United States,26.0,0,in_stock,English,Jemisin N.K.,paperback,Far Sector
1197,0.0,1607.0,Dc,United States,25.0,0,in_stock,English,Lore Danny,paperback,Multiversity: Teen Justice
2014,0.0,2799.0,Dc,United States,28.0,0,in_stock,English,Morrison Grant,paperback,Doom Patrol Book Three
1236,4.5,1399.0,Dc,United States,11.0,19,in_stock,English,Taylor Tom,paperback,Titans Vol. 1: Out of the Shadows
1563,0.0,2399.0,Dc,United States,34.0,0,promotion,English,Various,hardcover,Detective Comics: 80 Years of Batman: Deluxe Edition
1230,0.0,1399.0,Dc,United States,12.0,0,in_stock,English,Williamson Joshua,paperback,The Flash Volume 9
2248,0.0,3199.0,Dc,United States,29.0,0,in_stock,English,Levitz Paul,hardcover,Superboy and the Legion of Super-Heroes: Tabloid Editio...
1314,0.0,1399.0,Dc,United States,6.0,0,in_stock,English,Taylor Tom,paperback,Injustice: Gods Among Us: Year Zero - The Complete Coll...
676,3.8,1041.0,Dc,United States,35.0,4,in_stock,English,Le Minh,paperback,Green Lantern: Alliance
8701,0.0,12750.0,Dc,United States,31.0,0,in_stock,English,Azzarello Brian,hardcover,100 Bullets Omnibus Volume 1
3212,0.0,4799.0,Dc,United States,33.0,0,in_stock,English,Willingham Bill,paperback,Fables Compendium Two
1813,4.7,2358.0,Dc,United States,23.0,7,in_stock,English,Lee Jim,paperback,DC Poster Portfolio: Jim Lee Vol. 2
1253,4.7,1540.0,Dc,United States,18.0,7,in_stock,English,Deconnick Kelly Sue,paperback,Aquaman Volume 2: Amnesty
934,0.0,1199.0,Dc,United States,22.0,0,in_stock,English,Glass Adam,paperback,Suicide Squad Vol. 1: Kicked in the Teeth (The New 52)
1764,0.0,2399.0,Dc,United States,26.0,0,promotion,English,Phillips Stephanie Nicole,hardcover,Harley Quinn Vol. 2: Keepsake
1381,0.0,1699.0,Dc,United States,18.0,0,in_stock,English,Williamson Joshua,paperback,Future State: Gotham Vol.1
1230,0.0,1399.0,Dc,United States,12.0,0,in_stock,English,Howard Tini,paperback,Catwoman Vol. 2: Cat International
1336,0.0,1550.0,Dc,United States,13.0,0,in_stock,English,Collins Katana,paperback,Batman: White Knight Presents: Harley Quinn
1353,0.0,1599.0,Dc,United States,15.0,0,in_stock,English,Casey Joe,paperback,Kneel Before Zod
1558,0.0,2050.0,Dc,United States,24.0,0,promotion,English,Phillips Stephanie Nicole,hardcover,Harley Quinn Vol. 4: Task Force XX
2925,0.0,5099.0,Dc,United States,42.0,0,in_stock,English,Garcia Kami,hardcover,"Teen Titans: Raven, Beast Boy and Beast Boy Loves Raven..."
1525,5.0,1999.0,Dc,United States,23.0,1,in_stock,English,Dido Dan,paperback,Metal Men: Elements of Change
1154,0.0,1299.0,Dc,United States,11.0,0,promotion,English,Anderson Laurie Halse,paperback,Wonder Woman: Tempest Tossed
1197,0.0,1199.0,Dc,United States,32.0,0,in_stock,English,Garcia Kami,paperback,Teen Titans: Raven
1586,0.0,1999.0,Dc,United States,20.0,0,in_stock,English,Various,paperback,Tales from the DC Dark Multiverse
1840,0.0,2450.0,Dc,United States,24.0,0,in_stock,English,Ayala Vita,hardcover,Static: Shadows of Dakota
1593,0.0,1999.0,Dc,United States,20.0,0,promotion,English,Robinson James A.,paperback,JSA: the Golden Age (New Edition)
1334,0.0,1699.0,Dc,United States,21.0,0,in_stock,English,Dini Paul,paperback,Batman: Harley Quinn
1920,0.0,2550.0,Dc,United States,24.0,0,in_stock,English,Taylor Tom,hardcover,Suicide Squad: Bad Blood
2263,0.0,2950.0,Dc,United States,23.0,0,in_stock,English,Tamaki Mariko,paperback,Future State Batman: Dark Detective
2974,0.0,3999.0,Dc,United States,25.0,0,in_stock,English,Johns Geoff,paperback,Justice League: The New 52 Book One
1307,0.0,1499.0,Dc,United States,12.0,0,in_stock,English,Vaughan Brian K.,paperback,Y: The Last Man Book One
864,0.0,1099.0,Dc,United States,21.0,0,in_stock,English,Yang Gene Luen,paperback,New Super-Man Vol. 1: Made In China (Rebirth)
1525,0.0,1999.0,Dc,United States,23.0,0,in_stock,English,Brisson Ed,hardcover,Batman Incorporated Vol. 2: Joker Incorporated
1253,4.8,1399.0,Dc,United States,10.0,4,promotion,English,V. Ram,paperback,The Swamp Thing Vol. 2: Conduit
676,0.0,799.0,Dc,United States,15.0,0,in_stock,English,Baltazar Art,paperback,ArkhaManiacs
3286,0.0,3999.0,Dc,United States,17.0,0,in_stock,English,Mcduffie Dwayne,paperback,Milestone Compendium One
1947,0.0,2450.0,Dc,United States,20.0,0,promotion,English,V. Ram,hardcover,Aquaman: Andromeda
1808,0.0,2399.0,Dc,United States,24.0,0,in_stock,English,Williamson Joshua,hardcover,Batman/Superman Vol. 2: World's Deadliest
1441,0.0,1899.0,Dc,United States,24.0,0,in_stock,English,Morrison Grant,hardcover,The Green Lantern Volume 1
1300,0.0,1625.0,Dc,United States,20.0,0,in_stock,English,Watters Dan,paperback,Sword of Azrael
1477,0.0,1999.0,Dc,United States,26.0,0,in_stock,English,Tamaki Mariko,hardcover,Batman: Detective Comics Vol. 4: Riddle Me This
1785,4.5,2816.0,Dc,United States,36.0,2,in_stock,English,Perez George,paperback,Wonder Woman by George Perez Vol. 6
2678,0.0,2822.0,Dc,United States,5.0,0,in_stock,English,Thomas Brandon,hardcover,Hardware: Season One
1324,0.0,1481.0,Dc,United States,10.0,0,in_stock,English,Waid Mark,paperback,Batman/Superman: World's Finest Vol. 3: Elementary
1230,0.0,1823.0,Dc,United States,32.0,0,in_stock,English,Unknown,paperback,Aquaman: Deep Dives
1220,4.5,1399.0,Dc,United States,12.0,6,in_stock,English,Russell Mark,paperback,Exit Stage Left
8613,0.0,10500.0,Dc,United States,17.0,0,in_stock,English,Morrison Grant,hardcover,Absolute All-Star Superman (New Edition)
1562,0.0,1999.0,Dc,United States,21.0,0,in_stock,English,Willingham Bill,hardcover,Fables: The Deluxe Edition Book Thirteen
2070,0.0,2799.0,Dc,United States,26.0,0,in_stock,English,Snyder Scott,hardcover,American Vampire 1976
1996,4.5,2399.0,Dc,United States,16.0,11,in_stock,English,Tamaki Mariko,hardcover,Batman: Detective Comics Vol. 1: The Neighborhood
1263,0.0,1450.0,Dc,United States,12.0,0,in_stock,English,Conner Amanda,paperback,Harley Quinn Vol. 5: The Joker's Last Laugh
836,0.0,1450.0,Dc,United States,42.0,0,in_stock,English,Zdarsky Chip,paperback,Justice League: Last Ride
1230,0.0,1399.0,Dc,United States,12.0,0,in_stock,English,Conner Amanda,paperback,Harley Quinn & the Birds of Prey: The Hunt for Harley
1525,0.0,1999.0,Dc,United States,23.0,0,in_stock,English,Rosenberg Matthew,hardcover,Batman: Shadows of the Bat: House of Gotham
1789,0.0,3084.0,Dc,United States,41.0,0,in_stock,English,Phillips Stephanie Nicole,hardcover,Wonder Woman: Evolution
1638,0.0,1856.0,Dc,United States,11.0,0,in_stock,English,Williamson Joshua,paperback,Robin Vol. 3
1939,0.0,1999.0,Dc,United States,3.0,0,in_stock,English,Waid Mark,hardcover,Batman/Superman: World's Finest Vol. 4: Return to Kingd...
550,0.0,850.0,Dc,United States,35.0,0,in_stock,English,Hale Shannon,paperback,Diana: Princess of the Amazons
1316,0.0,1450.0,Dc,United States,9.0,0,in_stock,English,Snyder Scott,paperback,Batman Vol. 9: Bloom (The New 52)
718,0.0,1450.0,Dc,United States,50.0,0,in_stock,English,Johnson Phillip Kennedy,paperback,Superman: Action Comics Vol. 1: Warworld Rising
1226,0.0,1399.0,Dc,United States,12.0,0,in_stock,English,Bennett Marguerite,paperback,RWBY/Justice League
2947,0.0,4350.0,Dc,United States,32.0,0,in_stock,English,Undefined Johns Geoff,paperback,Black Adam Box Set
1767,0.0,2399.0,Dc,United States,26.0,0,in_stock,English,Iv James Tynion,hardcover,Batman Vol. 2: The Joker War
876,0.0,1112.0,Dc,United States,21.0,0,in_stock,English,Shimizu Eiichi,paperback,Batman: Justice Buster Vol. 4
8756,0.0,10599.0,Dc,United States,17.0,0,in_stock,English,Broome John,hardcover,Green Lantern: The Silver Age Omnibus Vol. 2: (2025 Edi...
9235,0.0,11999.0,Dc,United States,23.0,0,in_stock,English,Kirby Jack,hardcover,Fourth World by Jack Kirby Omnibus (New Printing)
1316,0.0,1650.0,Dc,United States,20.0,0,in_stock,English,Ridley John,hardcover,The Next Batman: Second Son
1613,0.0,2350.0,Dc,United States,31.0,0,in_stock,English,Gaiman Neil,paperback,The Sandman Book Three
9237,0.0,10422.0,Dc,United States,11.0,0,in_stock,English,Loeb Jeph,hardcover,Superman/Batman Omnibus Volume 1
4658,0.0,4919.0,Dc,United States,5.0,0,in_stock,English,Willingham Bill,paperback,Fables Compendium Three
1764,0.0,2399.0,Dc,United States,26.0,0,in_stock,English,Gaiman Neil,hardcover,Batman: Whatever Happened to the Caped Crusader
2880,0.0,5124.0,Dc,United States,43.0,0,in_stock,English,Brunning Richard,hardcover,Adam Strange: Between Two Worlds The Deluxe Edition
1188,0.0,1797.0,Dc,United States,33.0,0,in_stock,English,Kuhn Sarah,paperback,Girl Taking Over: A Lois Lane Story
1205,0.0,1350.0,Dc,United States,10.0,0,in_stock,English,Taylor Tom,paperback,Superman: Son of Kal-El Vol. 1: The Truth
2365,0.0,3199.0,Dc,United States,26.0,0,in_stock,English,Johns Geoff,paperback,Batman: Earth One Complete Collection
3803,0.0,4799.0,Dc,United States,20.0,0,in_stock,English,Ellis Warren,paperback,Stormwatch: The Road to The Authority Compendium
2488,0.0,3199.0,Dc,United States,22.0,0,in_stock,English,Miller Jack,paperback,DC Finest: Aquaman: The King of Atlantis
1971,0.0,2550.0,Dc,United States,22.0,0,in_stock,English,Various,hardcover,The Flash
1316,0.0,1650.0,Dc,United States,20.0,0,in_stock,English,Williamson Joshua,hardcover,The Flash Volume 11
1353,0.0,1599.0,Dc,United States,15.0,0,in_stock,English,Spurrier Simon,paperback,The Flash Vol. 2: Until Time Stands Still
1588,0.0,2093.0,Dc,United States,24.0,0,in_stock,English,Ridley John,hardcover,I Am Batman Vol. 3: The Right Question
7292,0.0,10599.0,Dc,United States,31.0,0,in_stock,English,Buccellato Brian,hardcover,Injustice: Gods Among Us Omnibus Volume 2
8816,0.0,12725.0,Dc,United States,30.0,0,in_stock,English,Ennis Garth,hardcover,Preacher: The 25th Anniversary Omnibus Vol. 2
3447,0.0,3546.0,Dc,United States,2.0,0,in_stock,English,Jurgens Dan,paperback,DC Finest: Events: Zero Hour Part Two
7150,0.0,9226.0,Dc,United States,22.0,0,in_stock,English,Lemire Jeff,hardcover,Animal Man by Jeff Lemire Omnibus
10644,0.0,10750.0,Dc,United States,23.0,0,in_stock,English,Seeley Tim,hardcover,Nightwing: Rebirth Omnibus
5573,0.0,7999.0,Dc,United States,30.0,0,in_stock,English,Fletcher Brenden,hardcover,Batgirl of Burnside Omnibus
7150,0.0,8899.0,Dc,United States,19.0,0,in_stock,English,Unknown,hardcover,Batman Black and White Box Set
2073,0.0,2499.0,Dc,United States,17.0,0,in_stock,English,Buccellato Brian,paperback,Injustice: Gods Among Us Year Five- The Complete Collec...
10409,0.0,11999.0,Dc,United States,13.0,0,in_stock,English,Snyder Scott,hardcover,Dark Nights: Metal Omnibus
1101,0.0,1399.0,Dc,United States,21.0,0,in_stock,English,Bardugo Leigh,paperback,Wonder Woman: Warbringer
6896,0.0,9999.0,Dc,United States,31.0,0,in_stock,English,Snyder Scott,hardcover,Swamp Thing: The New 52 Omnibus
10440,0.0,12750.0,Dc,United States,18.0,0,in_stock,English,Waid Mark,hardcover,Legion of Super-Heroes: Five Years Later Omnibus Vol. 1...
3500,0.0,5099.0,Dc,United States,31.0,0,in_stock,English,Lemire Jeff,paperback,Sweet Tooth Compendium
2977,0.0,4099.0,Dc,United States,27.0,0,in_stock,English,Swan Curt,paperback,Superman: The 85th Anniversary Collection
1314,0.0,1499.0,Dc,United States,12.0,0,in_stock,English,Martinbrough Shawn,paperback,Red Hood: The Hill
3231,0.0,4250.0,Dc,United States,23.0,0,in_stock,English,Gaiman Neil,hardcover,The Sandman: The Deluxe Edition Book Four
2149,0.0,3033.0,Dc,United States,29.0,0,in_stock,English,Taylor Tom,hardcover,Superman: Son of Kal-El Vol. 3
1361,0.0,2053.0,Dc,United States,33.0,0,in_stock,English,Scott Cavan,paperback,Titans United
5666,5.0,6103.0,Dc,United States,7.0,3,in_stock,English,Morrison Grant,hardcover,Batman by Grant Morrison Omnibus Volume 3
3320,0.0,3999.0,Dc,United States,16.0,0,in_stock,English,Snyder Scott,hardcover,All-Star Batman by Scott Snyder: The Deluxe Edition
391,4.7,499.0,Dc,United States,21.0,222,promotion,English,Malayalam Unknown,paperback,"Manjaveyil MaranangalMalayalam,"
682,4.5,899.0,Dc,United States,24.0,12,in_stock,English,Notebook / Blank Book Insight Editions,paperback,DC Comics: Batman Through the Ages Pocket Notebook Coll...
268,0.0,350.0,Dc,United States,23.0,0,in_stock,Hindi,Sharma Pradeep Dr,paperback,Sunehare Rang Ki Chhatari
2029,0.0,2121.0,Dc,United States,4.0,0,in_stock,English,Oulton Walley Chamberlain,hardcover,"Poems, Chiefly Comic and Hudibrastic"
776,0.0,1105.0,Dc,United States,29.0,0,in_stock,English,Coloring Book Happy Hour,paperback,Valentine's Day Adult Book
598,0.0,750.0,Dc,United States,20.0,0,in_stock,English,Blake Olivie,paperback,Januaries
1162,0.0,1299.0,Dc,United States,10.0,0,in_stock,English,Notebook / Blank Book Insight Editions,paperback,DC Comics: Batman
906,0.0,1244.0,Dc,United States,27.0,0,in_stock,English,Larssen P V,paperback,Lenny and the Very Big Show
932,0.0,981.0,Dc,United States,4.0,0,in_stock,English,Webb Todd,paperback,Busy Doing Nothing
1110,0.0,1441.0,Dc,United States,22.0,0,in_stock,English,Mason Darrin,hardcover,If You're A Zombie and You Know It Eat Some Flesh
2786,5.0,3274.0,Dc,United States,14.0,1,in_stock,English,Wallace Daniel,hardcover,DC Comics: Super-Villains
3344,4.8,3800.0,Dc,United States,12.0,5,promotion,English,Pasko Martin,hardcover,The DC Vault
1484,0.0,2003.0,Dc,United States,25.0,0,in_stock,English,Paul Christoph,paperback,Horror Film Poems
888,0.0,1025.0,Dc,United States,13.0,0,in_stock,English,Kelly Michael,paperback,The Comic Opera of Love Laughs at Lock-Smiths
614,0.0,822.0,Dc,United States,25.0,0,in_stock,English,Wrecks Billy,hardcover,Batman! (DC Super Friends)
967,4.3,1112.0,Dc,United States,13.0,6,in_stock,English,Simpson Fisher,paperback,"Mirth, Manners, Maxims, and Men: Being a Series of Misc..."
1189,0.0,1236.0,Dc,United States,3.0,0,in_stock,English,Notebook / Blank Book Insight Editions,paperback,DC Comics: Joker
2310,0.0,2550.0,Dc,United States,9.0,0,in_stock,English,Montgomery Parker,paperback,"""A Garden With You"""
919,0.0,1057.0,Dc,United States,13.0,0,in_stock,English,Hitchcock Laura,hardcover,Be Brave Like Batman! (DC Super Friends)
1318,0.0,1697.0,Dc,United States,22.0,0,in_stock,English,Trowbridge William,paperback,Old Guy: Superhero
653,0.0,822.0,Dc,United States,20.0,0,in_stock,English,Hitchcock Laura,hardcover,Wonder Woman (DC Super Heroes: Wonder Woman)
1720,0.0,2250.0,Dc,United States,23.0,0,in_stock,English,Comtois Pierre,paperback,Marvel Comics In The 1960s: An Issue-By-Issue Field Gui...
2424,0.0,3716.0,Dc,United States,34.0,0,in_stock,English,German Hoffmann Heinrich,hardcover,"Der StruwwelpeterGerman,"
1290,0.0,2126.0,Dc,United States,39.0,0,in_stock,English,Insight Editions,hardcover,DC Comics: Vintage Wonder Woman Dot Journal
696,0.0,850.0,Dc,United States,18.0,0,in_stock,English,Dk Jadzia,hardcover,The DC Book of Pride
2192,0.0,2307.0,Dc,United States,4.0,0,in_stock,English,Horace,paperback,The First Book Of Horace's Satires (1842)
1414,0.0,1415.0,Dc,United States,28.0,0,in_stock,English,Smith Harry B.,hardcover,The Little Corporal: A Comic Opera in Three Acts (Class...
550,0.0,775.0,Dc,United States,29.0,0,in_stock,English,Hallam Frankie,paperback,DK Super Readers Level 3 DC Supergirl Girl of Steel
799,0.0,2743.0,Dc,United States,4.0,0,in_stock,English,Insight Editions,paperback,DC Comics: Justice League Pocket Journal Collection: Se...
427,4.6,460.0,Raj,India,7.0,12,promotion,Hindi,Sanjay Gupta,paperback,"Doga Vriddh Warrior Collection Set (Vriddh Warior, Gold..."
463,0.0,899.0,Raj,India,48.0,0,low_stock,Hindi,Raj Comics,hardcover,Visrapi Ki Shaadi (
555,0.0,999.0,Raj,India,44.0,0,low_stock,Hindi,Raj Kumar Gupta Manoj Gupta Raj Comics,paperback,Aadamkhoron Ka Swarg
1407,0.0,2000.0,Raj,India,29.0,0,low_stock,Hindi,Raj Kumar Gupta Manoj Gupta Raj Comics,paperback,Mahanagayan: Sandhi Parv
644,4.7,999.0,Raj,India,35.0,20,low_stock,Hindi,Raj Kumar Gupta Manoj Gupta Raj Comics,paperback,Khooni Khilone
180,4.1,400.0,Raj,India,55.0,73,low_stock,Hindi,Raj Goswami,paperback,Ikigai -
184,4.3,200.0,Raj,India,8.0,11,low_stock,Hindi,Sanjay Gupta,paperback,Kisne Jhapad Mara Dhruv Ko| Raj Comics
212,4.3,250.0,Raj,India,15.0,4,low_stock,Hindi,Sanjay Gupta,paperback,Raj comics | Bankelal | Yog Nidra |
418,4.9,450.0,Raj,India,7.0,7,promotion,Hindi,Sanjay Gupta,paperback,RAJ COMICS | DOGA | SWAMIBHAKT RAKHWALE | DOG PROMISE |...
460,5.0,500.0,Raj,India,8.0,6,promotion,Hindi,Sanjay Gupta,paperback,Raj Comics | Antim Yuddha | Bheriya Shuddhikaran Series...
549,4.8,600.0,Raj,India,8.0,5,promotion,Hindi,Solid Anupam Sinha,paperback,Raj Comics | Nagraj Digest 3 (
553,3.5,600.0,Raj,India,7.0,6,low_stock,Hindi,Solid Raj Comics By Sanjay Gupta,paperback,Nagraj Digest 1 (
570,5.0,700.0,Raj,India,18.0,3,promotion,Hindi,Sanjay Gupta,hardcover,Raj comics | Shaktiroopa | Streebhoo Collector's Editio...
457,0.0,500.0,Raj,India,8.0,0,low_stock,Hindi,Solid Sanjay Gupta,paperback,Raj comics | Shaktiroopa | Mrityuroopa |  - Raj Comics ...
557,0.0,600.0,Raj,India,7.0,0,promotion,Hindi,Solid Anupam Sinha,paperback,Raj Comics | Super Commando Dhruva Origin Digest 5 (
553,0.0,600.0,Raj,India,7.0,0,low_stock,Hindi,Raj Comics By Sanjay Gupta,paperback,Super Commando Dhruva Digest 5 (
1829,5.0,1999.0,Raj,India,8.0,3,low_stock,Hindi,Raj Gupta,paperback,Raj Comics | Doga Origin | Doga Utpatti Shrinkhla | Col...
604,4.7,650.0,Raj,India,7.0,10,promotion,Hindi,Solid Raj Comics,paperback,Raj Comics | Sampoorn Doga Vriddh Warrior Shrinkhla Tra...
646,0.0,700.0,Raj,India,7.0,0,low_stock,Hindi,Sanjay Gupta,paperback,Super Commando Dhruva Digest 5 (
557,0.0,600.0,Raj,India,7.0,0,low_stock,Hindi,Sanjay Gupta,paperback,Raj Comics | Doga Origin Digest 2 | New Release |
1300,3.5,1400.0,Raj,India,7.0,6,low_stock,Hindi,Solid Sanjay Gupta,paperback,Raj Comics | Shaktiroopa Trade
1300,0.0,1400.0,Raj,India,7.0,0,low_stock,Hindi,Solid Anupam Sinha,paperback,Raj Comics | Sampoorn Khajana Trade
1276,0.0,1499.0,Raj,India,14.0,0,low_stock,Hindi,Sanjay Gupta,hardcover,Yugarambh-Variant 1 (Cover By Anupam Sinha) | Raj Comic...
1768,0.0,2100.0,Raj,India,15.0,0,low_stock,Hindi,Sanjay Gupta,paperback,"Raj Comics | Combo-1 of Origin Series of Nagraj, Dhruva..."
1846,0.0,2000.0,Raj,India,7.0,0,promotion,Hindi,Sanjay Gupta,hardcover,Sampoorna Shaktiroopa| Combined Collector's Edition| Ra...
1523,0.0,1794.0,Raj,India,15.0,0,low_stock,Hindi,Sahil Sharma,paperback,Raj Comics | Combo 1 of Comics For Kids Age 5-15 | Engl...
1736,0.0,2000.0,Raj,India,13.0,0,low_stock,Hindi,Sanjay Gupta,paperback,RAJ COMICS | BHOKAL | MAHARAVAN SERIES | SAMPOORN MAHAR...
903,5.0,1000.0,Raj,India,9.0,7,low_stock,Hindi,Sanjay Gupta,hardcover,"Rakt Rakshak Shrinkhla (Kayar, Haath Aur Hathiyaar, Mar..."
204,4.0,220.0,Raj,India,7.0,70,low_stock,Bengali,Prithi Raj Sen,hardcover,Panchatantra Golpo Samagra
911,4.0,1500.0,Raj,India,39.0,10,low_stock,Hindi,Raj Kumar Gupta Manoj Gupta Raj Comics,paperback,Vidhwans
644,0.0,999.0,Raj,India,35.0,0,low_stock,Hindi,Raj Comics,paperback,Nagraj Aur Kaaldoot
650,0.0,999.0,Raj,India,34.0,0,low_stock,Hindi,Raj Comics,paperback,Bakora Ka Jadoo
650,0.0,999.0,Raj,India,34.0,0,low_stock,Hindi,Raj Comics,paperback,Nagraj Aur Toofan Ju
650,0.0,999.0,Raj,India,34.0,0,low_stock,Hindi,Raj Comics,paperback,Nagraj Aur Super Commando Dhruva
650,0.0,999.0,Raj,India,34.0,0,low_stock,Hindi,Raj Comics,paperback,Nagraj Ka Ant
650,0.0,699.0,Raj,India,7.0,0,low_stock,Hindi,Raj Comics By Manoj Gupta,paperback,Hatyari Raashiyan
650,0.0,999.0,Raj,India,34.0,0,low_stock,Hindi,Raj Comics,paperback,Kabooki Ka Khajana
650,0.0,999.0,Raj,India,34.0,0,low_stock,Hindi,Raj Comics By Manoj Gupta,paperback,Nagdweep
650,0.0,999.0,Raj,India,34.0,0,low_stock,Hindi,Raj Comics,paperback,Nagina Kaa Jaal
1115,0.0,2000.0,Raj,India,44.0,0,low_stock,Hindi,Raj Comics By Manoj Gupta,paperback,Aatank Special Collector's Edition
650,0.0,999.0,Raj,India,34.0,0,low_stock,Hindi,Raj Comics,paperback,Nagraj Aur Jadu Ka Shahanshah
928,0.0,1999.0,Raj,India,53.0,0,low_stock,Hindi,Raj Comics By Manoj Gupta,paperback,Kshatipoorti Special Collector's Edition
650,0.0,999.0,Raj,India,34.0,0,low_stock,Hindi,Raj Comics,paperback,Piramidon Ki Rani
650,0.0,999.0,Raj,India,34.0,0,low_stock,Hindi,Raj Comics,paperback,Ichchadhari
650,0.0,999.0,Raj,India,34.0,0,low_stock,Hindi,Raj Comics By Manoj Gupta,paperback,Mahayuddh
650,0.0,999.0,Raj,India,34.0,0,low_stock,Hindi,Raj Comics,paperback,Nagraj Aur Bauna Shaitaan
650,0.0,999.0,Raj,India,34.0,0,low_stock,Hindi,Raj Comics,paperback,Kenchuli
650,0.0,999.0,Raj,India,34.0,0,low_stock,Hindi,Raj Comics By Manoj Gupta,paperback,Quiz Master
650,5.0,999.0,Raj,India,34.0,4,low_stock,Hindi,Raj Comics By Manoj Gupta,paperback,Samudra Ka Shaitaan
110,4.3,205.0,Raj,India,46.0,16,low_stock,Hindi,Chattopadhyay Bankim Chandra,paperback,Raj Singh Aur Rajmohan Ki Estree
716,4.4,800.0,Raj,India,10.0,95,low_stock,Hindi,Saurabh Keshari Nishant Kumar Amrit Raj Chauhan,paperback,Sharirik Shiksha Ek Antim Game Changer | 4000+ PYQs & M...
286,0.0,1373.0,Raj,India,79.0,0,promotion,Hindi,Raj Comics,hardcover,MARD AUR MURDA SPECIAL COLLECTOR EDITION
122,4.5,160.0,Raj,India,23.0,87,promotion,Hindi,Raj Comics,paperback,PARMANU DIGEST 08
128,4.8,160.0,Raj,India,20.0,40,in_stock,Hindi,Raj Comics,paperback,DOGA DIGEST 13
139,4.5,150.0,Raj,India,20.0,4,in_stock,Hindi,Tarun Kumar Wahi,paperback,Bankelal Digest - 12
128,3.9,129.0,Raj,India,24.0,37,in_stock,Hindi,Anupam Sinha,paperback,Avshesh
122,4.7,160.0,Raj,India,23.0,20,in_stock,Hindi,Raj Comics,paperback,DHRUVA DIGEST 11
107,4.3,159.0,Raj,India,32.0,50,promotion,Hindi,Anupam Sinha,paperback,Super Commando Dhruva Digest - 1
160,5.0,200.0,Raj,India,20.0,5,promotion,Hindi,Raj Comics,paperback,DHRUVA DIGEST 09
199,3.5,219.0,Raj,India,20.0,2,in_stock,Hindi,Raj Comics,paperback,DOGA DIGEST 18
203,4.7,209.0,Raj,India,2.0,9,in_stock,Hindi,Tarun Kumar Wahi,paperback,Bankelal Digest - 14
102,4.7,129.0,Raj,India,20.0,6,in_stock,Hindi,Tarun Kumar Wahi,paperback,Dekh Tabahi Lakdi Ki
199,4.6,326.0,Raj,India,42.0,8,in_stock,Hindi,Various,paperback,Bankelal Digest - 15
248,4.4,414.0,Raj,India,40.0,29,in_stock,Hindi,Raj Comics,hardcover,KHOONI KHANDAN SPECIAL COLLECTOR EDITION
328,4.4,499.0,Ack,India,34.0,264,low_stock,English,Multiple Copy Pack Baretto Christopher,paperback,Amar Chitra Katha Folktales Collection
159,5.0,199.0,Ack,India,20.0,4,low_stock,English,Chandrakant Kamala,paperback,Pradyumna
355,4.7,499.0,Ack,India,28.0,59,low_stock,English,Amar Chitra Katha,hardcover,TINKLE ORIGINS: VOLUME TWO [
170,4.5,225.0,Ack,India,24.0,113,low_stock,English,Amar Chitra Katha Private Limited,paperback,Suppandi 7 Fire Aware
182,4.4,225.0,Ack,India,19.0,165,low_stock,English,Fernandes Luis,paperback,Shikari Shambu - 1 (Adventure Awaits)
121,4.8,132.0,Ack,India,8.0,11,low_stock,English,Fernandes Luis,paperback,Sahasramalla
159,4.8,199.0,Ack,India,20.0,4,low_stock,English,Chandrakant Kamala,paperback,Ancestors of Rama
338,4.3,365.0,Ack,India,7.0,18,low_stock,English,Amar Chitra Katha,hardcover,Tinkle Origins - Vol 10
265,4.3,375.0,Ack,India,29.0,106,low_stock,English,Amar Chitra Katha,paperback,Tinkle Double Double Digest No .1
185,4.4,199.0,Ack,India,7.0,31,promotion,English,Unknown,paperback,More Tales of Birbal
159,4.5,199.0,Ack,India,20.0,61,low_stock,English,Pai Anant,paperback,More Tales from the Jatakas
126,4.5,199.0,Ack,India,36.0,71,low_stock,English,Nainwal Tripti,paperback,APJ ABDUL KALAM
92,5.0,99.0,Ack,India,7.0,4,low_stock,Hindi,Editorial,paperback,HOW FRIENDS ARE PARTED : Tales From The Hitopadesha
239,4.9,299.0,Ack,India,20.0,10,low_stock,English,Pai Anant,paperback,Women Path-Breakers
159,5.0,199.0,Ack,India,20.0,2,low_stock,English,Karkaria Bachi,paperback,Zarathushtra
159,4.5,199.0,Ack,India,20.0,4,low_stock,English,Chinoy Coomi,paperback,Balban
258,4.3,399.0,Ack,India,35.0,4,low_stock,English,Pandey Jhimli Mukherjee,paperback,Not Just Another Story
408,4.6,449.0,Ack,India,9.0,106,low_stock,English,Pai Anant,paperback,Warriors for Freedom
370,4.7,459.0,Ack,India,19.0,146,low_stock,English,Amar Chitra Katha Private Limited,hardcover,Brave Rajputs (1013)
1900,4.3,2299.0,Ack,India,17.0,3,low_stock,Hindi,Amar Chitra Kata,hardcover,Valmikis Ramayana
151,4.0,199.0,Ack,India,24.0,1,low_stock,English,Sharma Yagya,paperback,Battle of Wits
329,5.0,499.0,Ack,India,34.0,3,promotion,English,Chandrasekaran Gayathri,paperback,Tinkle Gold Collector's
419,4.4,499.0,Ack,India,24.0,245,low_stock,English,Pai Anant,hardcover,"Stories of Birbal: WITH ""Birbal the Genius"""
355,4.6,399.0,Ack,India,11.0,122,low_stock,English,Unknown,paperback,Celestial Beings
387,4.6,499.0,Ack,India,22.0,114,other,English,Pai Anant,hardcover,Stories from the Panchatantra
159,0.0,199.0,Ack,India,20.0,0,low_stock,English,Paul Pradip,paperback,Ananda Math
159,4.4,199.0,Ack,India,20.0,165,low_stock,English,Pai Anant,paperback,The Parijata Tree
159,0.0,199.0,Ack,India,20.0,0,low_stock,English,Chandrakant Kamala,paperback,The Syamantaka GEM
159,4.7,199.0,Ack,India,20.0,59,low_stock,Hindi,Anant Pai,paperback,Paramahansa Yogananda
159,0.0,199.0,Ack,India,20.0,0,low_stock,English,Patel Toni,paperback,Chand Bibi
159,0.0,199.0,Ack,India,20.0,0,low_stock,English,Rao Subba,paperback,The Tiger-Eater
435,4.5,449.0,Ack,India,3.0,79,low_stock,English,Unknown,hardcover,Stories from the Marabharata
151,3.3,199.0,Ack,India,24.0,4,low_stock,English,Atmaram H.,paperback,Deshbandhu Chittaranjan Das
1022,5.0,1100.0,Ack,India,7.0,3,low_stock,English,Unknown,paperback,Tinkle 1000
395,4.8,425.0,Ack,India,7.0,13,low_stock,English,Veena Puri,paperback,"SPIRITUAL LEADERS : 5 IN 1 PACK (Tyagaraja, Mahavira, B..."
159,3.9,199.0,Ack,India,20.0,16,low_stock,English,Amar Chitra Katha,paperback,Funny Folktales
236,0.0,250.0,Ack,India,5.0,0,low_stock,English,Unknown,paperback,Die Cut Books Vehicles
159,4.8,199.0,Ack,India,20.0,4,low_stock,English,Katha Amar Chitra,paperback,Stories from the Panchatantra
196,5.0,200.0,Ack,India,2.0,1,low_stock,English,Unknown,paperback,Die Cut Books Fruits
1136,4.4,1648.0,Ack,India,31.0,11,other,Marathi,Anant Pai,paperback,Voices From India
4907,4.5,5999.0,Ack,India,18.0,84,in_stock,English,Pai Anant,paperback,The Ultimate Collection
88,4.4,125.0,Ack,India,29.0,49,promotion,English,Fernandes Luis,paperback,Pyarelal
88,4.5,125.0,Ack,India,29.0,61,in_stock,English,Fernandes Luis,paperback,Ina Mina Mynah Mo
130,4.0,199.0,Ack,India,34.0,99,promotion,English,Chacko Nimmy,paperback,The Blue Umbrella
1194,4.5,1199.0,Ack,India,45.0,32,promotion,English,Unknown,hardcover,Legendary Rulers of India (15in1)
128,4.6,180.0,Ack,India,28.0,17,in_stock,English,Unknown,paperback,Powerful Rishis
735,4.6,850.0,Ack,India,13.0,211,in_stock,English,Pai Anant,paperback,History Collection
71,4.4,150.0,Ack,India,52.0,85,promotion,English,Unknown,paperback,Mahatma Gandhi
231,4.6,325.0,Ack,India,28.0,85,in_stock,English,Pai Anant,paperback,Andher Nagari and Other Stories
1678,4.5,2450.0,Ack,India,31.0,77,in_stock,Hindi,Amar Chitra Katha,paperback,Bravehearts Pack of 25
107,4.6,150.0,Ack,India,28.0,174,promotion,English,Pai Anant,paperback,"Divine Beings  - Airavata, Jatayu, Nandi & Others"
560,4.8,847.0,Ack,India,33.0,12,other,English,Fernandes Luis,hardcover,Krishna the Call of the Flute
88,4.6,125.0,Ack,India,29.0,61,in_stock,English,Fernandes Luis,paperback,Nasruddin Hodja 1
287,4.6,386.0,Ack,India,25.0,122,in_stock,English,Amar Chitra Katha Private Limited,hardcover,Stories From The Jatakas (1003)
325,4.7,399.0,Ack,India,18.0,99,promotion,English,Pai Anant,paperback,Devotees of Vishnu
119,4.5,425.0,Ack,India,8.0,23,in_stock,English,Singh Aruna Balakrishna,paperback,Vaishno Devi
128,4.5,180.0,Ack,India,28.0,184,promotion,English,Amar Chitra Katha,paperback,Famous Scientist: 3 in 1 (Amar Chitra Katha)
90,4.4,225.0,Ack,India,19.0,29,in_stock,English,Pai Anant,paperback,Tinkle Digest No. 3: No. 3
159,4.0,199.0,Ack,India,20.0,4,promotion,English,Ananthakrishnan Indira,paperback,The Adventures of Pratapan
128,4.5,180.0,Ack,India,28.0,82,promotion,English,Unknown,paperback,Ranas of Mewar
199,4.5,201.0,Ack,India,32.0,108,promotion,English,Unknown,paperback,Temples of India
155,5.0,195.0,Ack,India,20.0,3,promotion,Hindi,Amar Chitra Katha,paperback,Savitribai And Jyotirao Phule
74,4.4,91.0,Ack,India,18.0,8,promotion,English,Sastry Margie,paperback,Stories of Courage
74,4.8,91.0,Ack,India,18.0,10,promotion,English,Fernandes Luis,paperback,The Historic City of Delhi
130,4.3,199.0,Ack,India,34.0,15,in_stock,English,Nair Prabha,paperback,Ganesha and the Moon
74,4.2,99.0,Ack,India,25.0,10,promotion,English,Rao Subba,paperback,Chandrahasa
74,4.4,96.0,Ack,India,22.0,15,promotion,English,Rao Subba,paperback,Bahubali
102,0.0,169.0,Ack,India,39.0,0,in_stock,English,Amar Chitra Katha,paperback,Tinkle Digest No.269
361,4.8,499.0,Ack,India,27.0,16,promotion,English,Sorensen Nalini,paperback,Most Loved Amar Chitra Katha Stories
128,4.4,180.0,Ack,India,28.0,34,in_stock,English,Pai Anant,paperback,Heroes to be Remembered
179,4.7,180.0,Ack,India,28.0,40,in_stock,English,Pai Anant,paperback,Tinkle Digest No. 55
457,4.8,499.0,Ack,India,8.0,6,in_stock,Hindi,Amar Chitra Katha,hardcover,Great Rulers Of India (1012) (
40,4.6,50.0,Ack,India,20.0,25,promotion,English,Chandrakant Kamala,paperback,Mirabai
2001,4.8,2185.0,Ack,India,8.0,6,in_stock,Hindi,I B H Publications,paperback,Amar Chitra Katha (Kannada)
40,4.8,50.0,Ack,India,20.0,9,in_stock,English,Bharati Pushpa,paperback,Soordas
40,4.7,50.0,Ack,India,20.0,3,promotion,English,Pai Anant,paperback,How Friends are Parted
201,3.6,199.0,Ack,India,16.0,7,promotion,English,Anant Pai,paperback,Tinkle Double Digest No. 65
40,5.0,50.0,Ack,India,20.0,4,in_stock,English,Ugra Meera,paperback,Birbal to the Rescue
40,4.3,90.0,Ack,India,55.0,3,promotion,English,Rao Subba Chaganti,paperback,The Mouse Merchant
395,4.3,398.0,Ack,India,16.0,126,promotion,Hindi,Anant Pai,paperback,Ranas Of Mewar And Vishnu To The Rescue 3-In-1
214,5.0,295.0,Ack,India,27.0,4,promotion,Hindi,Moonstone Rupa Publications India Amar Chitra Katha,paperback,Empires of India: The Mauryas
40,4.8,50.0,Ack,India,20.0,5,promotion,English,Atmaram H.,paperback,Ellora Caves
214,4.6,295.0,Ack,India,27.0,47,in_stock,Hindi,Amar Chitra Katha Rupa Publications India,paperback,Inspiring Tales From Indian History Comic : Volume 3
40,4.4,50.0,Ack,India,20.0,41,in_stock,English,Singh Khushwant,paperback,Banda Bahadur
195,0.0,199.0,Ack,India,2.0,0,promotion,English,Pai Anant,paperback,Tinkle Digest No. 98
142,4.5,189.0,Ack,India,24.0,49,promotion,English,Pai Anant,paperback,Tinkle Double Digest No. 11
711,4.6,999.0,Ack,India,28.0,139,in_stock,English,Unknown,paperback,Laugh with Suppandi Pack of 8
88,4.2,125.0,Ack,India,29.0,79,promotion,English,Fernandes Luis,paperback,Folktales of Japan
150,5.0,175.0,Ack,India,14.0,6,promotion,English,Pai Anant,paperback,Tinkle Double Digest No. 45
88,4.7,125.0,Ack,India,29.0,70,in_stock,English,Fernandes Luis,paperback,The Adventures of Shikari Shambu
199,4.7,179.0,Ack,India,41.0,31,in_stock,English,Unknown,paperback,Vishnu to the Rescue
148,4.7,199.0,Ack,India,25.0,12,promotion,English,Talim Meena,paperback,Tanaji
95,4.7,199.0,Ack,India,16.0,9,in_stock,English,Jagannathan Shakuntala,paperback,Elephanta
167,2.7,199.0,Ack,India,16.0,6,promotion,English,Pai Anant,paperback,Tinkle Double Digest No. 55
1834,4.6,2199.0,Ack,India,16.0,55,promotion,Hindi,Tamil Amar Chitra Katha,hardcover,"MahabharathaTamil,"
60,4.8,179.0,Ack,India,43.0,6,promotion,Hindi,Yagya Sharma,paperback,Kalidasa
105,4.1,179.0,Ack,India,41.0,33,in_stock,English,Pai Anant,paperback,Tinkle Digest No. 63
107,4.0,120.0,Ack,India,10.0,20,promotion,English,Pai Anant,paperback,Tinkle Double Digest No. 38
144,4.9,125.0,Ack,India,29.0,12,in_stock,English,Rao Subba,paperback,Paurava and Alexander
90,4.5,295.0,Ack,India,28.0,10,in_stock,English,Pai Anant,paperback,Tinkle Digest No. 6
407,4.1,449.0,Ack,India,9.0,33,in_stock,Hindi,Pai Anant,hardcover,5 In 1-Brave Rajputs
231,4.8,399.0,Ack,India,42.0,90,in_stock,English,Unknown,hardcover,Ancient Kings of India
60,5.0,2094.0,Ack,India,30.0,3,in_stock,English,Dutt Gayatri Madan,paperback,Shantala
562,4.4,850.0,Ack,India,33.0,94,other,English,Pai Anant,paperback,Jataka Collection
70,4.6,199.0,Ack,India,35.0,13,in_stock,English,Bhattacharya Pradip,paperback,Karttikeya
210,4.1,295.0,Ack,India,28.0,9,other,English,Srinivasan Harini Gopalswami,paperback,Kishkindha Kand
130,4.1,199.0,Ack,India,34.0,11,in_stock,English,Talim Meena,paperback,Monkey Stories
40,4.6,50.0,Ack,India,20.0,15,in_stock,English,Suresh Chandra Sharma,paperback,Tulsidas
167,4.4,199.0,Ack,India,16.0,29,in_stock,English,Luis Fernandes,paperback,Tinkle Double Digest No. 72
102,4.9,169.0,Ack,India,39.0,9,in_stock,English,Rao Subba,paperback,Nachiketa
148,4.9,199.0,Ack,India,25.0,7,in_stock,English,Uppal Jagjit,paperback,Rana Kumbha
130,4.7,199.0,Ack,India,34.0,27,in_stock,English,Amar Chitra Katha Private Limited,paperback,"Tirupati | Indian Mythology, History & Folktales | Cult..."
114,4.4,179.0,Ack,India,36.0,17,promotion,English,Rajani,paperback,Tinkle Double Digest No.177
179,3.3,50.0,Ack,India,20.0,3,in_stock,English,Pai Anant,paperback,Tinkle Digest No. 68
124,4.6,125.0,Ack,India,0.0,32,in_stock,English,Fernandes Luis,paperback,Tales of Adventure and Mystery
88,4.0,125.0,Ack,India,29.0,46,promotion,English,Fernandes Luis,paperback,Folktales of South India
154,4.5,238.0,Ack,India,35.0,6,in_stock,English,Fernandes Luis,paperback,Tinkle Double Digest No. 88
916,4.5,999.0,Ack,India,8.0,95,in_stock,Hindi,Hardbound Panel Of Authors,paperback,Combo Of Brave Women Of India Collection
199,4.8,50.0,Ack,India,20.0,45,in_stock,English,Unknown,paperback,Tales Told by Sri Ramakrishna
83,4.0,99.0,Ack,India,16.0,8,in_stock,English,Pai Anant,paperback,The Gita
90,4.4,187.0,Ack,India,34.0,286,promotion,English,Pai Anant,paperback,Tinkle Digest No. 1
198,4.7,231.0,Ack,India,14.0,21,in_stock,Hindi,Kamala Chandrakant,paperback,Dasha Avatar
100,4.3,199.0,Ack,India,34.0,18,in_stock,English,Atmaram H.,paperback,Sea Route to India
130,4.3,199.0,Ack,India,34.0,7,in_stock,English,Sharma Yagya,paperback,Ghanshyamdas Birla
130,4.4,199.0,Ack,India,34.0,19,in_stock,English,Chandrakant Kamala,paperback,Kadambari
142,1.0,219.0,Ack,India,35.0,1,in_stock,English,Ghate Shreya,paperback,Tinkle Double Digest No. 178
128,4.4,180.0,Ack,India,28.0,30,in_stock,English,Pai Anant,paperback,Great Plays of Kalidasa
150,3.0,229.0,Ack,India,34.0,6,in_stock,English,Pai Anant,paperback,Tinkle Double Digest No. 25
148,4.8,199.0,Ack,India,25.0,8,promotion,English,Balse Mayah,paperback,Surya
40,4.6,90.0,Ack,India,55.0,5,in_stock,English,Rao Subba,paperback,Krishnadeva Raya
186,4.5,229.0,Ack,India,18.0,17,in_stock,English,Pai Anant,paperback,Tinkle Double Digest No. 47
40,4.2,50.0,Ack,India,20.0,15,in_stock,English,Chandrakant Kamala,paperback,Shiva Parvati
203,4.6,229.0,Ack,India,11.0,14,in_stock,English,Amar Chitra Katha,paperback,Tinkle Double Digest No. 02: Fun and Exciting Stories f...
996,4.7,1399.0,Ack,India,28.0,51,in_stock,English,Unknown,hardcover,Great Indian Classics (20in1)
40,4.3,50.0,Ack,India,20.0,20,promotion,English,Anantharaman Sita,paperback,Raja Raja Chola
147,4.5,199.0,Ack,India,26.0,6,in_stock,English,Pai Anant,paperback,Tinkle Digest No. 78
298,4.8,299.0,Ack,India,28.0,18,promotion,English,Pai Anant,paperback,Legend and Lore
40,4.0,90.0,Ack,India,55.0,5,in_stock,English,Chandrakant Kamala,paperback,Birbal the Witty
1213,4.4,1700.0,Ack,India,28.0,10,in_stock,Hindi,Anant Pai Reena Ittyerah Pur,paperback,History Collection + Tales Of Birbal Combo Pack
350,4.7,125.0,Ack,India,29.0,29,in_stock,Hindi,Sastry Margie,hardcover,Bhagawat
2058,4.5,2299.0,Ack,India,10.0,22,other,Hindi,Amar Chitra Katha,box sets,The Grand Amar Chitra Katha Collection: Set Of 12 Books
107,4.0,120.0,Ack,India,10.0,31,promotion,English,Amar Chitra Katha,paperback,Tinkle Double Digest No. 1 | Fun-Filled Storybook for K...
130,4.4,199.0,Ack,India,34.0,13,in_stock,English,Chandrakant Kamala,paperback,Sudama
40,5.0,90.0,Ack,India,55.0,10,in_stock,English,Seshadri Lakshmi,paperback,Indra and Shachi
225,5.0,50.0,Ack,India,20.0,4,in_stock,English,Unknown,paperback,Big Picture Book of Fruits
40,4.3,50.0,Ack,India,20.0,7,in_stock,English,Nair Radha M.,paperback,Velu Thampi
32,4.2,40.0,Ack,India,20.0,11,in_stock,English,Pai Anant,paperback,Mother Teresa: Little Acts of Love
40,4.8,50.0,Ack,India,20.0,12,in_stock,English,Tiwari Shail,paperback,Chandra Shekhar Azad
104,4.3,169.0,Ack,India,38.0,4,in_stock,English,N A,paperback,Narasimha Reddy: The Lion of Rayalaseema
277,4.3,299.0,Ack,India,7.0,8,promotion,English,Srinivasan Shalini,paperback,Heroes of Hampi
130,5.0,199.0,Ack,India,34.0,9,in_stock,English,Dutt Gayatri Madan,paperback,Ramana Maharshi
203,4.4,216.0,Ack,India,6.0,155,in_stock,English,Unknown,paperback,Famous Queens
6108,4.3,8550.0,Ack,India,28.0,6,in_stock,English,Unknown,paperback,Tinkle Mega Collection
253,5.0,299.0,Ack,India,15.0,10,in_stock,Hindi,Amar Chitra Katha,paperback,Divine Rivers
130,5.0,199.0,Ack,India,34.0,6,in_stock,English,Sinha Urmila,paperback,Gopal the Jester
325,4.6,179.0,Ack,India,36.0,7,promotion,English,Unknown,hardcover,The Fearless Boy and Other Buddhist Stories
188,5.0,229.0,Ack,India,17.0,4,in_stock,English,Chandrasekaran Gayathri,paperback,Holiday Special No. 52
130,4.8,179.0,Ack,India,27.0,11,in_stock,English,Chacko Nimmy,paperback,Konark
130,4.4,199.0,Ack,India,34.0,17,in_stock,English,Talim Meena,paperback,Ashoka
269,5.0,309.0,Ack,India,12.0,5,in_stock,English,Pai Anant,paperback,Valiant Women
177,4.3,199.0,Ack,India,11.0,6,in_stock,English,Atmaram H.,paperback,Bimbisara
220,3.2,225.0,Ack,India,2.0,6,promotion,English,Writers Multiple,paperback,Suppandi & Friends 2
148,4.3,199.0,Ack,India,25.0,8,in_stock,English,Kamath G. R.,paperback,Jagadis Chandra Bose
3169,4.3,4450.0,Ack,India,28.0,18,promotion,Hindi,Amar Chitra Katha,paperback,Surv Chitra Kathaiya 50 Titels Set AMAR CHITRA KATHA Hi...
130,5.0,199.0,Ack,India,34.0,3,promotion,English,Fernandes Luis,paperback,Tales of Misers
92,5.0,281.0,Ack,India,33.0,4,in_stock,English,Chandrakant Kamala,paperback,Nandivishala
186,4.4,236.0,Ack,India,21.0,165,promotion,Hindi,Saket Prakashan,paperback,Marathi Books For Kids 6-8 Years | Children's Story Com...
849,2.8,999.0,Ack,India,15.0,4,promotion,Hindi,Amar Chitra Katha,paperback,Epic Stories: Special 10 Volume Edition | Indian Mythol...
116,4.8,179.0,Ack,India,35.0,4,promotion,Hindi,Amar Chitra Katha,paperback,Tinkle Double Digest No.208
279,3.5,349.0,Ack,India,20.0,4,in_stock,English,Undefined Unknown,paperback,Tinkle Special Collection: Vol.2
325,4.5,400.0,Diamond,India,18.0,58,low_stock,Hindi,Pran,paperback,Chacha Chaudhary Comics In
352,4.0,500.0,Diamond,India,29.0,10,promotion,Hindi,Pran,paperback,New Comics in
160,5.0,200.0,Diamond,India,20.0,4,promotion,Hindi,Prans,paperback,"Billoo, Pinki Comics In"
160,0.0,200.0,Diamond,India,20.0,0,low_stock,Bengali,Prans,paperback,"Chacha Chaudhary, Billoo Comics In"
160,4.0,200.0,Diamond,India,20.0,3,low_stock,Bengali,Pran Kumar Sharma,paperback,"Chacha Chaudhary, Pinki Comics In"
225,3.7,300.0,Diamond,India,25.0,7,promotion,Gujarati,Prans,paperback,"Chacha Chaudhary, Billoo, Pinki Comics In"
695,4.7,699.0,Diamond,India,22.0,3,low_stock,English,Kusaka Hidenori,paperback,"Pokemon Adventures: Diamond and Pearl/Platinum, Vol. 11..."
100,4.2,968.0,Diamond,India,12.0,374,low_stock,Hindi,Pran'S,paperback,Chacha Chaudhary Big Head Comics
375,4.6,500.0,Diamond,India,25.0,63,promotion,Hindi,Pran,paperback,Chacha Chaudhary Comics in
600,4.7,800.0,Diamond,India,25.0,6,promotion,Hindi,Pran,paperback,Chacha Chaudhary Comics in
1271,0.0,1399.0,Diamond,India,9.0,0,low_stock,English,Araki Hirohiko,hardcover,JoJo's Bizarre Adventure: Part 4--Diamond Is Unbreakabl...
1386,0.0,1799.0,Diamond,India,22.0,0,low_stock,English,Araki Hirohiko,hardcover,JoJo's Bizarre Adventure: Part 4--Diamond Is Unbreakabl...
2826,0.0,2975.0,Diamond,India,5.0,0,low_stock,English,Gatsis George Peter,paperback,The Black Diamond Effect
917,4.3,1199.0,Diamond,India,23.0,6,low_stock,English,Hernandez Vince,paperback,Zombie Tramp Volume 22: Blood Diamonds Are Forever
325,0.0,400.0,Diamond,India,18.0,0,promotion,Hindi,Pran,paperback,BestSeiing Chacha Chaudhary Comics Combo in
172,0.0,250.0,Diamond,India,31.0,0,low_stock,Hindi,Dr. Vinod Sharma,paperback,"You Too Can Be Chacha Chaudhary - Wit, Wisdom, Quick Th..."
217,0.0,300.0,Diamond,India,27.0,0,low_stock,Hindi,Pran,paperback,Best of Chacha Chaudhary Comics in
1388,4.4,2000.0,Diamond,India,30.0,5,promotion,Hindi,Pran,paperback,Chacha Chaudhary Comics in
318,0.0,597.0,Diamond,India,46.0,0,low_stock,Hindi,Pran,paperback,Best of Chacha Chaudhary Comics in
1392,4.0,1875.0,Diamond,India,25.0,50,low_stock,English,Diamond Judy,paperback,Carnival of Contagion
148,4.4,200.0,Diamond,India,26.0,286,promotion,English,Paran,paperback,Chacha Chaudhary Digest-1
160,4.1,200.0,Diamond,India,20.0,116,promotion,Hindi,Pran'S,paperback,Chacha Chaudhary Digest 4
155,4.4,195.0,Diamond,India,20.0,36,promotion,Hindi,Yamini Rachna Bhola,paperback,Akbar Birbal
160,4.4,200.0,Diamond,India,20.0,231,promotion,Hindi,Pran'S,paperback,Chacha Chaudhary Digest -2
116,4.4,199.0,Diamond,India,41.0,10,promotion,Hindi,Pran,paperback,Chacha Choudhary and U.F.O
100,4.6,200.0,Diamond,India,20.0,8,low_stock,English,Pran,paperback,Chacha Chaudhary Raka's Terror
100,3.8,200.0,Diamond,India,20.0,20,low_stock,Hindi,Barua Arpita,paperback,Mahabharata
160,4.3,200.0,Diamond,India,20.0,101,promotion,English,Pran'S,paperback,Chacha Chaudhary Digest -4
189,4.7,299.0,Diamond,India,36.0,6,promotion,Bengali,Pran,hardcover,Chacha Chaudhary and bullet Train (চাচা চৌধুরী আর বুলেট...
100,3.8,195.0,Diamond,India,20.0,20,low_stock,Hindi,Barua Arpita,paperback,Mahabharata
160,4.4,200.0,Diamond,India,20.0,156,promotion,English,Pran'S,paperback,Chacha Chaudhary Digest 3
100,4.6,299.0,Diamond,India,24.0,19,low_stock,Bengali,Pran'S,paperback,Chacha Chaudhary Bathukamma in
172,4.3,299.0,Diamond,India,42.0,23,low_stock,English,Pran,hardcover,Nirmal Ganga
100,4.5,299.0,Diamond,India,42.0,15,low_stock,Bengali,Pran,paperback,Chacha Chaudhary and Mahabali Robot in
172,4.2,299.0,Diamond,India,42.0,17,promotion,Bengali,Pran,hardcover,Chacha Chaudhary Aur Sabu ki Gulel (চাচা চৌধুরী এবং সাব...
160,4.2,200.0,Diamond,India,20.0,30,promotion,English,Unknown,paperback,Billoo Digest -1
172,4.0,299.0,Diamond,India,42.0,59,low_stock,Hindi,Pran,hardcover,Chacha Chaudhary Goran's Attack in
180,4.0,299.0,Diamond,India,39.0,12,promotion,Bengali,Pran,paperback,Ganga ki Baat
163,5.0,299.0,Diamond,India,45.0,1,promotion,English,Pran,paperback,Ganga ki Baat
100,5.0,299.0,Diamond,India,46.0,1,low_stock,Gujarati,Pran'S,paperback,Pinki Laptop in
100,3.3,499.0,Diamond,India,54.0,15,low_stock,English,Sharma Rinkel,paperback,Little Chanakya
490,3.7,600.0,Diamond,India,18.0,10,low_stock,Hindi,Pran'S,paperback,Chacha Chaudhary Digest-2+Chacha Chaudhary Digest-3+Cha...
631,4.0,1150.0,Diamond,India,45.0,3,low_stock,Hindi,Pran'S,paperback,Chacha Choudhary & Bye Bye Kachra+Chacha Chaudhary Bull...
631,0.0,996.0,Diamond,India,36.0,0,low_stock,Hindi,Pran'S,paperback,Chacha Choudhary & Bye Bye Kachra+Chacha Chaudhary Dige...
672,0.0,1121.0,Diamond,India,40.0,0,low_stock,Hindi,Pran'S,paperback,Chacha Choudhary & Bye Bye Kachra+Chacha Chaudhary & Ji...
201,4.4,299.0,Diamond,India,32.0,19,low_stock,Hindi,Pran,paperback,Pinki World Tour + Chacha Chaudhary and Nirmal Ganga
192,5.0,299.0,Diamond,India,35.0,7,low_stock,Hindi,Pran,hardcover,Billoo Short Break In
192,0.0,299.0,Diamond,India,35.0,0,low_stock,Hindi,Pran,hardcover,Billoo's Six Packs
163,0.0,299.0,Diamond,India,45.0,0,low_stock,Gujarati,Pran,paperback,Chacha Choudhary and Mighty Robot (
192,0.0,299.0,Diamond,India,35.0,0,low_stock,Hindi,Pran,hardcover,Chacha Chaudhary Big Head
193,0.0,299.0,Diamond,India,35.0,0,low_stock,Hindi,Pran,hardcover,Billoo aur Ajooba in HIndi
190,0.0,299.0,Diamond,India,36.0,0,low_stock,Hindi,Pran,hardcover,Chacha Chaudhary Formula Race
192,4.4,299.0,Diamond,India,35.0,7,low_stock,Hindi,Pran,hardcover,Billoo Bajrangi Cycle
190,5.0,299.0,Diamond,India,36.0,3,low_stock,Hindi,Pran,hardcover,Chacha Chaudhary Dangerous Butterfly
163,0.0,299.0,Diamond,India,45.0,0,low_stock,Marathi,Pran,hardcover,Chacha Chaudhary Football World Cup (चाचा चौधरी फुटबॉल ...
100,4.6,299.0,Diamond,India,31.0,7,promotion,English,Rinkel Sharma,paperback,Little Chanakya
177,0.0,299.0,Diamond,India,40.0,0,in_stock,English,Pran,paperback,Chacha Chaudhary And Water-Our Right
100,0.0,299.0,Diamond,India,45.0,0,promotion,Hindi,Kaur Simran,paperback,Lord Krishna in
227,4.6,299.0,Diamond,India,24.0,7,in_stock,Gujarati,Pran,hardcover,Chacha Chaudhary bullet Train (ચાચા ચૌધરી અને બુલેટ ટ્ર...
110,4.3,205.0,Diamond,India,46.0,16,in_stock,Hindi,Chattopadhyay Bankim Chandra,paperback,Raj Singh Aur Rajmohan Ki Estree
100,0.0,299.0,Diamond,India,18.0,0,in_stock,English,Pran'S,paperback,Pinki World Tour
100,0.0,299.0,Diamond,India,42.0,0,in_stock,Gujarati,Pran'S,paperback,Billoo and Wonder in
227,5.0,299.0,Diamond,India,24.0,2,promotion,Hindi,Pran,paperback,Chacha Chaudhary and Mr. X (
100,0.0,299.0,Diamond,India,24.0,0,in_stock,Gujarati,Kaur Simran,paperback,Lord Rama in
231,0.0,399.0,Diamond,India,42.0,0,promotion,Hindi,Pran,paperback,Chacha Chaudhary Aur Masik Dharm Ki Shiksha + Billoo an...
227,4.3,299.0,Diamond,India,24.0,3,in_stock,Bengali,Pran,hardcover,Chacha Choudhary & Bye Bye Kachra (চাচা চৌধুরী আর আবর্জ...
227,5.0,299.0,Diamond,India,24.0,3,promotion,Hindi,Pran,paperback,Chacha Chaudhary Football World Cup (
599,0.0,899.0,Diamond,India,33.0,0,in_stock,Hindi,2 Rakhi Chocolate Roli Chawal,paperback,"Chocoloony Designer CHOCO-BAS04 Mauli Thread Rakhi  Set2 Rakhi, Chocolate, Roli, Chawal₹599₹89933% off"
498,0.0,1499.0,Diamond,India,66.0,0,in_stock,Hindi,2 Rakhi 2 Chocolate Roli Chawal,paperback,"Chocoloony Designer CH25-DMSR02 Mauli Thread Rakhi  Set2 Rakhi, 2 Chocolate, Roli, Chawal₹498₹1,49966% off"
192,4.1,299.0,Diamond,India,35.0,9,in_stock,Hindi,Pran,hardcover,Billoo's and Coconut Tree
201,4.3,299.0,Diamond,India,32.0,3,in_stock,Hindi,Pran,hardcover,Pinki School Mein Dand in
192,0.0,299.0,Diamond,India,35.0,0,in_stock,Hindi,Pran,hardcover,Pinki aur Fun-Day in
192,0.0,299.0,Diamond,India,35.0,0,in_stock,Hindi,Pran,hardcover,Pinki Computer Virus In
227,0.0,299.0,Diamond,India,24.0,0,promotion,English,Pran,hardcover,Chacha Choudhary & Toilet
192,0.0,299.0,Diamond,India,35.0,0,in_stock,Hindi,Pran,hardcover,Billoo's Six Packs In
172,3.6,299.0,Diamond,India,42.0,5,promotion,Hindi,Pran,hardcover,Ganga Darshan
185,0.0,299.0,Diamond,India,38.0,0,promotion,Hindi,Pran,hardcover,Pinki Laptop In
240,4.7,299.0,Diamond,India,19.0,26,promotion,Hindi,Pran,hardcover,Chacha Chaudhary Digest-3 in
190,0.0,299.0,Diamond,India,36.0,0,promotion,Hindi,Pran,hardcover,Chacha Chaudhary Aur Formula Race in
160,4.2,200.0,Diamond,India,20.0,122,promotion,Hindi,Pran'S,paperback,Chacha Chaudhary Digest -3
100,0.0,299.0,Diamond,India,35.0,0,in_stock,Marathi,Verma Priyanka,paperback,Lord Rama in
190,0.0,299.0,Diamond,India,36.0,0,in_stock,Hindi,Pran,hardcover,Chacha Chaudhary and Ganga Dolphin in hindi
621,0.0,720.0,Diamond,India,13.0,0,in_stock,English,Villager Ordinary,paperback,The Villager Book 2
100,4.7,299.0,Diamond,India,40.0,3,promotion,English,Verma Priyanka,paperback,Lord Rama
210,0.0,299.0,Diamond,India,29.0,0,in_stock,Hindi,Pran,hardcover,Chacha Chaudhary And Swachh Bharat
192,0.0,299.0,Diamond,India,35.0,0,promotion,Hindi,Pran,hardcover,Chacha Chaudhary And Swachh Bharat in
100,4.7,3499.0,Diamond,India,43.0,26,promotion,Marathi,Verma Priyanka,paperback,Lord Hanuman in
155,5.0,195.0,Diamond,India,20.0,3,promotion,Hindi,Mannu Prakash,hardcover,Aesop Ki Anokhi Kahaniya
177,0.0,299.0,Diamond,India,40.0,0,promotion,Hindi,Parn,hardcover,Chacha Chaudhary Aur Masik Dharm Ki Shiksha (चाचा चौधरी...
100,0.0,299.0,Diamond,India,41.0,0,in_stock,Gujarati,Verma Priyanka,paperback,Lord Hanuman in
192,3.8,299.0,Diamond,India,35.0,5,promotion,Hindi,Pran,hardcover,Chacha Chaudhary Fake Currency In
192,0.0,299.0,Diamond,India,35.0,0,in_stock,Hindi,Pran,hardcover,Chacha Chaudhary Aur Sabu ki Gulel / Catapult
225,0.0,299.0,Diamond,India,24.0,0,in_stock,English,Pran,hardcover,Chacha Chaudhary Aur Sabu ki Gulel / Catapult
172,0.0,299.0,Diamond,India,42.0,0,in_stock,Hindi,Pran,hardcover,Chacha Chaudhary aur Ganga Darshan in hindi
190,4.0,299.0,Diamond,India,36.0,9,promotion,Hindi,Pran,hardcover,Chacha Choudhary and Mighty Robot In
100,4.7,3499.0,Diamond,India,43.0,26,promotion,Marathi,Pran,paperback,Chacha Choudhary and Mighty Robot (Code
100,0.0,299.0,Diamond,India,16.0,0,in_stock,English,Pran,paperback,Chacha Chaudhary and Ganga Ghat
190,0.0,299.0,Diamond,India,36.0,0,in_stock,Hindi,Pran,hardcover,Chacha Chaudhary and Gunda Tax in
93,0.0,100.0,Diamond,India,7.0,0,in_stock,Hindi,Pran,paperback,Biloo Aur Murtikar PB
189,4.4,299.0,Diamond,India,36.0,5,in_stock,Bengali,Pran,hardcover,Chacha Chaudhary Fake Currency (চাচা চৌধুরী জাল নোট)
252,4.0,300.0,Diamond,India,16.0,3,promotion,Hindi,Pran'S,paperback,Pinki Digest - 1+Pinki Real Watchman+Pinki World Tour
1568,4.3,2082.0,Diamond,India,24.0,438,promotion,English,Viz Magazine,hardcover,The Viz Annual 2023: Zookeeper's Boot: Cobbled Together...
100,4.0,400.0,Diamond,India,20.0,3,promotion,Hindi,Pran,paperback,Billoo And Pasha Magician
159,0.0,199.0,Diamond,India,20.0,0,in_stock,Hindi,Pran,hardcover,Chacha Chaudhary Gang War
3344,0.0,3800.0,Diamond,India,12.0,0,in_stock,English,Various,hardcover,How to Draw Manga: Getting Started Kit
557,4.0,2153.0,Japanese,Japan,74.0,815,other,English,Ito Junji,hardcover,Uzumaki (3-in-1 Deluxe Edition)
719,4.1,799.0,Japanese,Japan,10.0,530,low_stock,English,Horikoshi Kohei,paperback,"My Hero Academia, Vol. 40"
172,3.9,1270.0,Japanese,Japan,86.0,365,low_stock,English,Miura Kentaro,paperback,Berserk Volume 1
591,4.7,799.0,Japanese,Japan,26.0,7,low_stock,English,Kishimoto Masashi,paperback,"Boruto: Naruto Next Generations, Vol. 7"
371,4.1,2356.0,Japanese,Japan,84.0,606,low_stock,English,Shinkai Makoto,paperback,your name.
255,4.4,845.0,Japanese,Japan,69.0,66,low_stock,English,Akutami Gege,paperback,"Jujutsu Kaisen, Vol. 6"
187,4.2,1006.0,Japanese,Japan,81.0,31,promotion,English,Hokazono Takeru,paperback,"Kagurabachi, Vol. 1: Volume 1"
196,4.2,599.0,Japanese,Japan,67.0,196,low_stock,English,Kishimoto Masashi,paperback,"Naruto, Vol. 3"
190,4.2,921.0,Japanese,Japan,79.0,204,low_stock,English,Unknown,paperback,A Silent Voice 1
7036,4.7,13999.0,Japanese,Japan,49.0,31,other,English,Ohba Tsugumi,paperback,Bakuman
250,4.0,1900.0,Japanese,Japan,86.0,815,other,English,Muneyuki Kaneshiro Art By Yusuke Nomura.,paperback,"Blue Lock, Volume 1 (Manga)"
230,4.3,2146.0,Japanese,Japan,89.0,154,low_stock,English,Mo Xiang Tong Xiu,paperback,Grandmaster of Demonic Cultivation: Mo Dao Zu Shi (Nove...
241,4.9,1299.0,Japanese,Japan,81.0,8,promotion,English,Fujita,paperback,Wotakoi: Love Is Hard For Otaku 1
215,4.1,799.0,Japanese,Japan,73.0,57,low_stock,English,Akutami Gege,paperback,"Jujutsu Kaisen, Vol. 14"
210,4.4,736.0,Japanese,Japan,71.0,236,low_stock,English,Kishimoto Masashi,paperback,"Naruto, Vol. 2"
229,4.7,766.0,Japanese,Japan,70.0,31,promotion,English,Kishimoto Masashi,paperback,"Boruto: Naruto Next Generations, Vol. 3"
112,4.5,758.0,Japanese,Japan,85.0,145,promotion,English,Akutami Gege,paperback,"Jujutsu Kaisen, Vol. 5"
249,4.3,728.0,Japanese,Japan,65.0,63,low_stock,English,Ohba Tsugumi,paperback,"Death Note, Vol. 2"
230,4.2,749.0,Japanese,Japan,69.0,62,low_stock,English,Fujimoto Tatsuki,paperback,"Chainsaw Man, Vol. 7"
188,4.4,740.0,Japanese,Japan,74.0,52,promotion,English,Gotouge Koyoharu,paperback,"Demon Slayer: Kimetsu no Yaiba, Vol. 7"
265,4.5,722.0,Japanese,Japan,63.0,46,low_stock,English,Ohba Tsugumi,paperback,"Death Note, Vol. 3"
194,4.6,699.0,Japanese,Japan,72.0,19,promotion,English,Toriyama Akira,paperback,"Dragon Ball Super, Vol. 6"
189,4.8,799.0,Japanese,Japan,76.0,16,promotion,English,Sakisaka Io,paperback,"Ao Haru Ride, Vol. 1: Volume 1"
201,4.2,795.0,Japanese,Japan,74.0,46,promotion,English,Toriyama Akira,paperback,"Dragon Ball, Vol. 2"
220,4.8,799.0,Japanese,Japan,72.0,4,low_stock,English,Gotouge Koyoharu,paperback,Demon Slayer: Volume 19
197,3.5,649.0,Japanese,Japan,69.0,123,low_stock,English,Blackman Abigail,paperback,"Solo Leveling, Vol. 2 (comic)"
237,3.5,780.0,Japanese,Japan,69.0,21,low_stock,English,Matsumoto Naoya,paperback,"Kaiju No. 8, Vol. 3"
222,4.2,799.0,Japanese,Japan,72.0,61,low_stock,English,Endo Tatsuya,paperback,"Spy x Family, Vol. 3"
359,4.5,749.0,Japanese,Japan,52.0,68,low_stock,English,One,paperback,"One-Punch Man, Vol. 3"
228,4.0,1197.0,Japanese,Japan,80.0,67,low_stock,English,Akutami Gege,paperback,"Jujutsu Kaisen, Vol. 22"
850,4.5,1240.0,Japanese,Japan,31.0,11,low_stock,English,Suzuki Yuto,paperback,"Sakamoto Days, Vol. 7"
591,4.6,799.0,Japanese,Japan,26.0,20,low_stock,English,Kishimoto Masashi,paperback,"Naruto, Vol. 6"
183,4.1,499.0,Japanese,Japan,63.0,698,promotion,English,Akutami Gege,paperback,Jujustu Kaisen Vol 3 (
664,4.6,999.0,Japanese,Japan,33.0,279,low_stock,English,Ohba Tsugumi,paperback,"Death Note Black Edition, Vol. 1: Volume 1"
202,4.1,802.0,Japanese,Japan,74.0,145,low_stock,English,Akutami Gege,paperback,"Jujutsu Kaisen, Vol. 16"
1965,2.3,6500.0,Japanese,Japan,69.0,9,low_stock,English,Ishida Sui,paperback,Tokyo Ghoul: re Complete Box Set
541,4.2,999.0,Japanese,Japan,45.0,10,low_stock,English,Ozaki Kaori,paperback,The Gods Lie
1094,3.9,3578.0,Japanese,Japan,69.0,67,low_stock,English,Takehiko Inoue,paperback,Vagabond Manga Box Set (Volumes 1-11)
454,4.3,1310.0,Japanese,Japan,65.0,230,other,English,Kaneshiro Muneyuki,paperback,"Blue Lock : Vol- 1,2,3 (Manga Books) [BOOK COMBO] (Pape..."
237,4.4,899.0,Japanese,Japan,73.0,101,low_stock,English,Oda Eiichiro,paperback,"One Piece, Vol. 42: Volume 42  - ENGLISH"
413,4.6,450.0,Japanese,Japan,8.0,23,low_stock,English,Fujio Fujiko F,paperback,Doraemon Fantasy Collection
589,3.6,2026.0,Japanese,Japan,70.0,94,low_stock,English,Junji Ito,paperback,Tomie: Complete Deluxe Edition Manga
150,4.3,1499.0,Japanese,Japan,89.0,77,low_stock,English,Shinkai Makoto,paperback,"Your Name., Vol. 1 (Manga)"
605,4.9,950.0,Japanese,Japan,36.0,67,promotion,English,Isayama Hajime,paperback,Attack on Titan 34
316,4.0,870.0,Japanese,Japan,63.0,4,low_stock,English,Gege Akutami,paperback,Jujutsu kaisen Volume 21 (set. 1)
1269,4.3,2274.0,Japanese,Japan,44.0,27,low_stock,English,Twain Mark,paperback,The Adventures of Tom Sawyer
267,4.0,850.0,Japanese,Japan,68.0,2,promotion,English,Isayama Hajime,paperback,Attack On Titan 21
191,3.9,930.0,Japanese,Japan,79.0,29,promotion,English,Fujimoto Tatsuki,paperback,"Chainsaw Man, Vol. 10"
460,3.1,2199.0,Japanese,Japan,79.0,10,low_stock,English,Tabata Yuki,paperback,"Black Clover, Manga Combo Set, Vol. 1,2&3 ("
344,4.2,699.0,Japanese,Japan,50.0,26,promotion,English,Kentaro Miura,paperback,"Demon slayer vol 20,21 and 22"
2465,4.1,3392.0,Japanese,Japan,27.0,698,low_stock,English,Isayama Hajime,paperback,Attack On Titan Season 1 Part 1 Manga Box Set
608,4.3,1099.0,Japanese,Japan,44.0,23,low_stock,English,Kaneshiro Muneyuki,paperback,Blue Lock 5
239,4.9,845.0,Japanese,Japan,71.0,14,low_stock,English,Hajime Isayama,paperback,Attack on Titan Vol:7  - The Defeated
239,4.0,839.0,Japanese,Japan,71.0,33,low_stock,English,Eiichiro Oda,paperback,One piece vol 34 set.2  - Pride
2896,3.7,14099.0,Japanese,Japan,79.0,12,low_stock,English,Oda Eiichiro,paperback,One Piece Box Set 4: Dressrosa to Reverie: Volume 4
186,4.8,799.0,Japanese,Japan,76.0,23,other,English,Akutami Gege,paperback,"Jujutsu Kaisen, Vol. 13"
240,3.8,776.0,Japanese,Japan,69.0,555,promotion,English,Fujimoto Tatsuki,paperback,"Chainsaw Man, Vol. 1: Volume 1"
279,3.8,820.0,Japanese,Japan,65.0,39,promotion,English,Fujimoto Tatsuki,paperback,"Chainsaw Man, Vol. 9"
249,4.3,728.0,Japanese,Japan,65.0,63,other,English,Ohba Tsugumi,paperback,"Death Note, Vol. 2"
549,4.1,1177.0,Japanese,Japan,53.0,18,in_stock,English,Toriyama Akira,paperback,"Dragon Ball Super, Vol. 17"
598,5.0,799.0,Japanese,Japan,25.0,3,promotion,English,Togashi Yoshihiro,paperback,"Hunter x Hunter, Vol. 2: Volume 2"
1163,4.0,4999.0,Japanese,Japan,76.0,164,in_stock,English,Miura Kentaro,paperback,Berserk Manga Box Set (Volume: 1-11)
694,4.8,747.0,Japanese,Japan,7.0,9,in_stock,English,Toriyama Akira,paperback,"Dragon Ball Z, Vol. 22"
939,4.0,2499.0,Japanese,Japan,62.0,34,promotion,English,Tatsuya Endo,paperback,"Spy x Family Series, Vol. 1-11. Manga Set of 11 Books"
1836,3.7,13999.0,Japanese,Japan,86.0,18,promotion,English,Hajime Isayama,paperback,Attack On Titan Manga Box Set (Volume 1-21)
275,4.2,903.0,Japanese,Japan,69.0,284,promotion,English,Akutami Gege,paperback,"Jujutsu Kaisen, Vol. 8  - volume 8"
265,4.2,999.0,Japanese,Japan,73.0,63,other,English,Masashi Kishimoto Eiichiro Oda,paperback,"Naruto, Volume 1 + One piece, Volume 2 combo (paperback..."
383,4.3,759.0,Japanese,Japan,49.0,23,in_stock,English,Gege Akutami,paperback,Jujutsu kaisen Volume 10 (set. 1)
1673,3.5,3299.0,Japanese,Japan,49.0,6,in_stock,English,Miura Kentaro,paperback,"Berserk Volume 21,22,23,24,25,26,27,28,29,30 ("
416,4.3,717.0,Japanese,Japan,41.0,346,promotion,English,Ohba Tsugumi,paperback,"Death Note, Vol. 1: Volume 1"
405,3.8,2499.0,Japanese,Japan,83.0,23,promotion,English,Takehiko Inoue,paperback,VAGABOND Manga Books Vol. 1-3 [Latest Edition] [Combo S...
591,4.5,799.0,Japanese,Japan,26.0,17,in_stock,English,Kishimoto Masashi,paperback,"Naruto, Vol. 46"
236,4.4,739.0,Japanese,Japan,68.0,91,other,English,Gotouge Koyoharu,paperback,"Demon Slayer: Kimetsu no Yaiba, Vol. 2"
446,4.1,1998.0,Japanese,Japan,77.0,16,in_stock,English,Tatsuya Endo,paperback,"SPY x FAMILY Manga Combo Vol. 1, 2, 3, & 4 ("
591,3.5,994.0,Japanese,Japan,40.0,21,in_stock,English,One,paperback,"One-Punch Man, Vol. 26"
537,4.6,699.0,Japanese,Japan,23.0,86,in_stock,English,Yano Takashi,paperback,"Naruto: Itachi's Story, Vol. 1"
591,4.7,799.0,Japanese,Japan,26.0,55,promotion,English,Kishimoto Masashi,paperback,"Naruto, Vol. 65"
1705,4.7,2400.0,Japanese,Japan,28.0,7,in_stock,English,Conley Chana,paperback,"DARK MOON: THE BLOOD ALTAR, Vol. 1 (comic)"
539,4.3,799.0,Japanese,Japan,32.0,20,promotion,English,Gotouge Koyoharu,paperback,"Demon Slayer: Kimetsu no Yaiba, Vol. 10"
591,4.5,799.0,Japanese,Japan,26.0,16,in_stock,English,One,paperback,"One-Punch Man, Vol. 11"
189,4.5,899.0,Japanese,Japan,78.0,31,in_stock,English,Akutami Gege,paperback,"Jujutsu Kaisen, Vol. 15"
190,4.3,298.0,Japanese,Japan,36.0,23,promotion,English,Charanjeet Arora,paperback,MTE-1 Calculus
591,4.8,1050.0,Japanese,Japan,43.0,11,promotion,English,Oda Eiichiro,paperback,"One Piece, Vol. 105"
255,4.1,350.0,Japanese,Japan,27.0,7,in_stock,English,Yusuke Murata,paperback,"One-Punch Man, Vol. 4"
328,4.3,1249.0,Japanese,Japan,73.0,26,promotion,English,Ohba Tsugumi,paperback,"Death Note, Vol. 7: Volume 7"
591,5.0,799.0,Japanese,Japan,26.0,15,in_stock,English,Kishimoto Masashi,paperback,"Naruto, Vol. 47"
241,4.3,699.0,Japanese,Japan,65.0,23,in_stock,English,Gege Akutami,paperback,"Jujutsu Kaisen, Vol. 11"
288,4.4,1299.0,Japanese,Japan,77.0,9,promotion,English,Oda Eiichiro,paperback,"One Piece, Vol. 5: For Whom The Bell Tolls"
897,4.3,1818.0,Japanese,Japan,50.0,346,in_stock,English,Golden Christie,paperback,Warcraft: Legends Vol. 4
138,4.1,499.0,Japanese,Japan,72.0,592,promotion,English,Akutami Gege,paperback,"Jujutsu Kaisen, Vol. 12: Volume 12 ("
619,3.8,899.0,Japanese,Japan,31.0,5,promotion,English,Suzuki Yuto,paperback,"Sakamoto Days, Vol. 3"
201,3.5,839.0,Japanese,Japan,76.0,37,promotion,English,Oda Eiichiro,paperback,"One Piece: Ace's Story, Vol. 1"
222,4.4,599.0,Japanese,Japan,62.0,5,promotion,English,Yusuke Murata,paperback,"One-Punch Man, Vol. 2"
8938,4.1,15599.0,Japanese,Japan,42.0,21,promotion,English,Kishimoto Masashi,paperback,Naruto Box Set 1: Volume 1
251,4.3,299.0,Japanese,Japan,16.0,24,in_stock,English,Kusaka Hidenori,paperback,"Pokemon X*Y, Vol. 8: Volume 8"
195,4.2,1897.0,Japanese,Japan,89.0,10,promotion,English,Mo Xiang Tong Xiu,paperback,The Scum Villain's Self-Saving System: Ren Zha Fanpai Z...
9939,3.0,15999.0,Japanese,Japan,37.0,4,promotion,English,Oda Eiichiro,paperback,One Piece Box Set 3: Thriller Bark to New World: Volume...
358,4.5,516.0,Japanese,Japan,30.0,35,promotion,English,Kondo Marie,paperback,The Life-Changing Manga of Tidying Up
335,4.6,1499.0,Japanese,Japan,77.0,279,in_stock,English,Inoue Takehiko,paperback,"Vagabond, Vol. 12"
780,4.4,999.0,Japanese,Japan,21.0,13,promotion,English,Takamisaki Ryo,paperback,Pokemon the Movie: I Choose You!
591,5.0,799.0,Japanese,Japan,26.0,22,promotion,English,Kishimoto Masashi,paperback,"Naruto, Vol. 64"
1301,3.9,1399.0,Japanese,Japan,7.0,10,promotion,English,Araki Hirohiko,hardcover,"JoJo's Bizarre Adventure: Part 5--Golden Wind, Vol. 4"
249,3.3,399.0,Japanese,Japan,37.0,3,in_stock,English,Kentaro Miura,paperback,Demon slayer vol 1 and 2
186,3.7,499.0,Japanese,Japan,62.0,3,promotion,English,Muneyuki Kaneshiro,paperback,Blue Lock 3
591,4.7,799.0,Japanese,Japan,26.0,17,in_stock,English,Horikoshi Kohei,paperback,"My Hero Academia, Vol. 25"
169,4.7,499.0,Japanese,Japan,66.0,3,promotion,English,Akutami Gege,paperback,"Jujutsu Kaisen, Vol. 6: Volume 6 ("
188,4.6,832.0,Japanese,Japan,77.0,28,in_stock,English,Tatsuki Fujimoto,paperback,Chain saw man set.1 volume: 1
1301,4.2,5999.0,Japanese,Japan,78.0,47,in_stock,English,Oima Yoshitoki,paperback,A Silent Voice Complete Series Box Set
349,4.1,1099.0,Japanese,Japan,68.0,530,promotion,English,Masashi Kishimoto,paperback,"Naruto, Volume 10 : Set 1"
486,4.6,699.0,Japanese,Japan,30.0,5,promotion,English,Horikoshi Kohei,paperback,"My Hero Academia: Vigilantes, Vol. 4"
261,4.5,999.0,Japanese,Japan,73.0,46,in_stock,English,Ishida Sui,paperback,"Tokyo Ghoul, Vol. 5"
251,4.1,899.0,Japanese,Japan,72.0,606,in_stock,English,Ohba Tsugumi,paperback,"Death Note, Vol. 10: Volume 10"
591,4.3,799.0,Japanese,Japan,26.0,7,in_stock,English,Kubo Tite,paperback,"Bleach, Vol. 40"
197,3.2,1916.0,Japanese,Japan,89.0,18,promotion,English,Mo Xiang Tong Xiu,paperback,The Scum Villain's Self-Saving System: Ren Zha Fanpai Z...
591,4.5,799.0,Japanese,Japan,26.0,6,other,English,Horikoshi Kohei,paperback,"My Hero Academia: Vigilantes, Vol. 3"
657,4.5,1355.0,Japanese,Japan,51.0,13,in_stock,English,Kaneshiro Muneyuki,paperback,Blue Lock 7
1302,3.3,2305.0,Japanese,Japan,43.0,3,other,English,Yaongyi,hardcover,True Beauty Volume One
176,3.8,499.0,Japanese,Japan,64.0,45,promotion,English,Oda Eiichiro,paperback,One Piece Vol 1: Volume 1 (
814,4.5,1950.0,Japanese,Japan,58.0,13,in_stock,English,Wakui Ken,paperback,Tokyo Revengers (Omnibus) Vol. 3-4
1949,4.7,2299.0,Japanese,Japan,15.0,3,promotion,English,Asano Inio,paperback,"Goodnight Punpun, Vol. 1"
478,2.4,699.0,Japanese,Japan,31.0,9,promotion,English,Horikoshi Kohei,paperback,"My Hero Academia: Vigilantes, Vol. 6"
4277,4.1,6599.0,Japanese,Japan,35.0,592,in_stock,English,Fuse,paperback,That Time I Got Reincarnated as a Slime Season 1 Part 1...
239,4.1,1185.0,Japanese,Japan,79.0,530,promotion,English,Masashi Kishimoto,paperback,Naruto Volume 63: Set.3
604,4.4,1999.0,Japanese,Japan,69.0,9,promotion,English,Rou Bao Bu Chi Rou,paperback,"Remnants of Filth: Yuwu (Novel) Vol 1,2,3 ("
254,4.6,899.0,Japanese,Japan,71.0,32,promotion,English,Kishimoto Masashi,paperback,"Naruto, Vol. 33: Volume 33"
255,4.3,350.0,Japanese,Japan,27.0,23,in_stock,English,Yusuke Murata,paperback,"One-Punch Man, Volume 2"
232,0.0,499.0,Japanese,Japan,53.0,0,other,English,Aka Akasaka,paperback,"[Oshi No Ko], Vol. 1"
239,4.1,730.0,Japanese,Japan,67.0,530,promotion,English,Masashi Kishimoto,paperback,Naruto Volume 37: Set.2
1195,4.2,1680.0,Japanese,Japan,28.0,284,promotion,English,Gifford Kevin,paperback,"The Shiunji Family Children, Vol. 1"
3720,4.4,14999.0,Japanese,Japan,75.0,36,in_stock,English,Toriyama Akira,paperback,Dragon Ball Z Complete Box Set  - Vols. 1-26 with premi...
224,4.1,999.0,Japanese,Japan,77.0,606,in_stock,English,Gege Akutami,paperback,JUTUSU KAISEN 1-3
622,5.0,699.0,Japanese,Japan,11.0,4,in_stock,English,Kusaka Hidenori,paperback,"Pokemon Adventures (Ruby and Sapphire), Vol. 16: Volume..."
1719,4.8,2411.0,Japanese,Japan,28.0,4,in_stock,English,Ryo Haruto,paperback,Ibitsu
478,4.1,699.0,Japanese,Japan,31.0,592,in_stock,English,Kubo Tite,paperback,"Bleach, Vol. 29"
591,4.6,1040.0,Japanese,Japan,43.0,8,promotion,English,Horikoshi Kohei,paperback,"My Hero Academia, Vol. 37"
419,3.8,961.0,Japanese,Japan,56.0,5,in_stock,English,Tatsu Yukinobu,paperback,"Dandadan, Vol. 2"
2844,4.7,4099.0,Japanese,Japan,30.0,3,promotion,English,Miura Kentaro,hardcover,Berserk Deluxe Volume 14
953,5.0,1199.0,Japanese,Japan,20.0,6,in_stock,English,Inoue Takehiko,paperback,"Real, Vol. 1: Volume 1"
580,0.0,699.0,Japanese,Japan,17.0,0,in_stock,English,Horikoshi Kohei,paperback,"My Hero Academia: Vigilantes, Vol. 11"
765,4.1,1934.0,Japanese,Japan,60.0,530,promotion,English,Teng David,paperback,Tearmoon Empire: Volume 5 (Light Novel)
2315,4.2,7449.0,Japanese,Japan,68.0,284,in_stock,English,Koyoharu Gotouge John Werry Mike Montesa,paperback,Demon Slayer Complete Box Set: Includes volumes 1-23 (D...
239,4.2,789.0,Japanese,Japan,69.0,6,promotion,English,Masashi Kishimoto,paperback,Naruto Volume 61: Set.3
772,4.1,1072.0,Japanese,Japan,27.0,606,other,English,Clamp,paperback,Tsubasa: World Chronicle 1
192,4.4,649.0,Japanese,Japan,70.0,66,promotion,English,Koyoharu Gotouge,paperback,Demon Slayer Vol 1
338,3.5,899.0,Japanese,Japan,62.0,14,promotion,English,One,paperback,"One-Punch Man, Vol. 21: Volume 21"
243,4.1,599.0,Japanese,Japan,59.0,592,promotion,English,Kafka Asagiri,paperback,"Bungo Stray Dogs, Volume 1"
1598,2.8,4399.0,Japanese,Japan,63.0,8,promotion,English,Kusaka Hidenori,paperback,Pokemon X*Y Complete Box Set
591,5.0,799.0,Japanese,Japan,26.0,17,promotion,English,Kishimoto Masashi,paperback,"Naruto, Vol. 67"
257,4.2,1999.0,Japanese,Japan,87.0,50,other,English,Mo Xiang Tong Xiu,paperback,Heaven Official's Blessing: Tian Guan Ci Fu (Novel) Vol...
1309,4.9,1550.0,Japanese,Japan,15.0,24,promotion,English,Shinkai Makoto,paperback,5 Centimeters Per Second
953,4.9,1199.0,Japanese,Japan,20.0,15,in_stock,English,Oda Eiichiro,paperback,"One Piece (Omnibus Edition), Vol. 4: Volume 4"
220,3.3,899.0,Japanese,Japan,75.0,3,promotion,English,Kishimoto Masashi,paperback,"Naruto, Vol. 35: Volume 35"
589,4.5,844.0,Japanese,Japan,30.0,14,in_stock,English,Kubo Tite,paperback,"Bleach, Vol. 3"
591,5.0,799.0,Japanese,Japan,26.0,21,in_stock,English,Kishimoto Masashi,paperback,"Naruto, Vol. 66"
591,4.3,799.0,Japanese,Japan,26.0,23,in_stock,English,Horikoshi Kohei,paperback,"My Hero Academia: Vigilantes, Vol. 13"
622,3.7,699.0,Japanese,Japan,11.0,3,in_stock,English,Kusaka Hidenori,paperback,"Pokemon Adventures (Gold and Silver), Vol. 13: Volume 1..."
1178,4.1,1686.0,Japanese,Japan,30.0,592,in_stock,English,Pistillo Bianca,paperback,"Re:ZERO -Starting Life in Another World-, Chapter 3: Tr..."
241,4.1,699.0,Japanese,Japan,65.0,530,promotion,English,Gege Akutami,paperback,"Jujutsu Kaisen, Vol. 8"
224,4.6,899.0,Japanese,Japan,75.0,29,in_stock,English,Oda Eiichiro,paperback,"One Piece, Vol. 28: Volume 28"
549,3.9,799.0,Japanese,Japan,31.0,15,in_stock,English,Toriyama Akira,paperback,"Dragon Ball Z, Vol. 4"
210,4.3,999.0,Japanese,Japan,78.0,23,in_stock,English,Gege Akutami,paperback,"Jujutsu Kaisen, Vol. 7: Volume 7  - ENGLISH"
239,5.0,799.0,Japanese,Japan,70.0,3,in_stock,English,Kentaro Miura,paperback,Berserk volume 29
222,4.1,599.0,Japanese,Japan,62.0,530,promotion,English,Yusuke Murata,paperback,"One-Punch Man, Vol. 5"
598,4.5,799.0,Japanese,Japan,25.0,21,in_stock,English,Toriyama Akira,paperback,"Dragon Ball Super, Vol. 14"
263,0.0,999.0,Japanese,Japan,73.0,0,in_stock,English,Akutami Gege,paperback,"Jujutsu Kaisen, Vol. 23"
444,4.1,1000.0,Japanese,Japan,55.0,606,in_stock,English,Akira Toriiyama Toyotarou,paperback,COLOURED Dragon Ball Super Volume 15 + 1 free DBS card
685,4.4,725.0,Japanese,Japan,5.0,66,in_stock,English,Suzuki Nakaba,paperback,The Seven Deadly Sins: Four Knights of the Apocalypse 5
1035,0.0,1699.0,Japanese,Japan,39.0,0,promotion,English,Yukimura Makoto,hardcover,Vinland Saga 3
591,4.8,799.0,Japanese,Japan,26.0,6,in_stock,English,Kishimoto Masashi,paperback,"Naruto, Vol. 54"
591,3.3,969.0,Japanese,Japan,39.0,3,promotion,English,Kishimoto Masashi,paperback,"Boruto: Naruto Next Generations, Vol. 15"
591,4.4,799.0,Japanese,Japan,26.0,13,in_stock,English,Kishimoto Masashi,paperback,"Naruto, Vol. 55"
591,4.8,799.0,Japanese,Japan,26.0,4,in_stock,English,Kishimoto Masashi,paperback,"Naruto, Vol. 13"
866,4.4,1655.0,Japanese,Japan,47.0,12,promotion,English,Aidairo Aidairo,paperback,"Toilet-bound Hanako-kun, Vol. 12"
591,0.0,799.0,Japanese,Japan,26.0,0,in_stock,English,Kishimoto Masashi,paperback,"Boruto: Naruto Next Generations, Vol. 12"
